-- --------------------------------------------------------
-- Host:                         boscolonata.com
-- Versione server:              5.5.42-cll - MySQL Community Server (GPL)
-- S.O. server:                  Linux
-- HeidiSQL Versione:            9.2.0.4958
-- --------------------------------------------------------

/*!40101 SET @OLD_CHARACTER_SET_CLIENT=@@CHARACTER_SET_CLIENT */;
/*!40101 SET NAMES utf8mb4 */;
/*!40014 SET @OLD_FOREIGN_KEY_CHECKS=@@FOREIGN_KEY_CHECKS, FOREIGN_KEY_CHECKS=0 */;
/*!40101 SET @OLD_SQL_MODE=@@SQL_MODE, SQL_MODE='NO_AUTO_VALUE_ON_ZERO' */;

-- Dump della struttura del database boscolon_spring
CREATE DATABASE IF NOT EXISTS `boscolon_spring` /*!40100 DEFAULT CHARACTER SET latin1 */;
USE `boscolon_spring`;


-- Dump della struttura di tabella boscolon_spring.accounts
CREATE TABLE IF NOT EXISTS `accounts` (
  `_id` int(10) unsigned NOT NULL AUTO_INCREMENT,
  `emailAddress` varchar(254) NOT NULL DEFAULT '0',
  `passwordHash` varchar(60) NOT NULL,
  `role` varchar(45) NOT NULL,
  `enabled` tinyint(1) unsigned NOT NULL DEFAULT '1',
  PRIMARY KEY (`_id`),
  UNIQUE KEY `emailAddress` (`emailAddress`)
) ENGINE=InnoDB AUTO_INCREMENT=702 DEFAULT CHARSET=latin1;

-- Dump dei dati della tabella boscolon_spring.accounts: ~11 rows (circa)
/*!40000 ALTER TABLE `accounts` DISABLE KEYS */;
INSERT IGNORE INTO `accounts` (`_id`, `emailAddress`, `passwordHash`, `role`, `enabled`) VALUES
	(1, 'userTest@email.it', '$2a$10$SnW77Z7yy808mdhNRDxKle9GBnzyApe8glR0V3tjhcVoioJZ98bdK', 'ROLE_USER', 1),
	(2, 'admin@email.it', '$2a$10$t7NNp32sguUbpo5BhTj1veu1aw91LZaCnD/UwfsH1.8YJcdvg9MKW', 'ROLE_ADMIN', 1),
	(14, 'tiziano@tiz.it', '$2a$10$EblZqNptyYvcLm/VwDCVAuBjzZOI7khzdyGPBr08PpIi0na624b8.', 'ROLE_ADMIN', 1),
	(78, 'andrea@email.it', '$2a$10$FGS3KTIrSBD6XGN9X5ijqOHjAo9HMU9wjrdicta.3FLl0TEKlkX3y', 'ROLE_USER', 1),
	(79, 'davide@email.it', '$2a$10$EblZqNptyYvcLm/VwDCVAuBjzZOI7khzdyGPBr08PpIi0na624b8.', 'ROLE_USER', 1),
	(94, 'user@email.it', '$2a$10$5dYZxy6xULyW9H3Uy4a3YeMbJ68o0a7/E.bopMPZdq2nn2DLSyAgi', 'ROLE_USER', 1),
	(96, 'mario2@gmail.com', '$2a$10$FhNy0tjNI3TWJhrxLpFBa.ZVvHA2XyUMeg.6F6FJAdDISkkwKOZ2e', 'ROLE_USER', 1),
	(193, 'zeitnotswe@gmail.com', '$2a$10$gt1X.qsGaFkMTs3vPSgx9.pcYEf/MSy6CX7pUxFNCX3RwfYKZdazC', 'ROLE_USER', 1),
	(283, 'prova@prova.com', '$2a$10$qT635r3E3fNTQe27SCAMb.xdUf7zPXiJYslGR0lFGhQO8XMW/264G', 'ROLE_USER', 1),
	(284, 'andrea@email.com', '$2a$10$HpGF/YgfZ4LGAxugIhJKReVzazH680/fZDPKMGo4RWvh/SQNIJBVu', 'ROLE_USER', 1),
	(530, 'lucuz91@gmail.com', '$2a$10$QASQosNNwVuahro2XrMzG.cG1c7vgpN9kbNhl5loNyirTFKZUR5Za', 'ROLE_USER', 1);
/*!40000 ALTER TABLE `accounts` ENABLE KEYS */;


-- Dump della struttura di vista boscolon_spring.adminaccounts
-- Creazione di una tabella temporanea per risolvere gli errori di dipendenza della vista
CREATE TABLE `adminaccounts` (
	`_id` INT(10) UNSIGNED NOT NULL,
	`emailAddress` VARCHAR(254) NOT NULL COLLATE 'latin1_swedish_ci',
	`passwordHash` VARCHAR(60) NOT NULL COLLATE 'latin1_swedish_ci'
) ENGINE=MyISAM;


-- Dump della struttura di tabella boscolon_spring.commonaccounts
CREATE TABLE IF NOT EXISTS `commonaccounts` (
  `_id` int(10) unsigned NOT NULL,
  `syncCount` int(11) unsigned NOT NULL DEFAULT '0',
  `firstName` varchar(255) NOT NULL,
  `lastName` varchar(255) NOT NULL,
  `gender` tinyint(1) unsigned NOT NULL,
  `height` smallint(5) unsigned NOT NULL,
  `weight` float unsigned NOT NULL,
  `birthDate` bigint(20) NOT NULL,
  PRIMARY KEY (`_id`),
  KEY `FK-commonaccounts-genders` (`gender`),
  CONSTRAINT `FK-commonaccounts-accounts` FOREIGN KEY (`_id`) REFERENCES `accounts` (`_id`) ON DELETE CASCADE ON UPDATE CASCADE,
  CONSTRAINT `FK-commonaccounts-genders` FOREIGN KEY (`gender`) REFERENCES `genders` (`_id`) ON DELETE CASCADE ON UPDATE CASCADE
) ENGINE=InnoDB DEFAULT CHARSET=latin1;

-- Dump dei dati della tabella boscolon_spring.commonaccounts: ~9 rows (circa)
/*!40000 ALTER TABLE `commonaccounts` DISABLE KEYS */;
INSERT IGNORE INTO `commonaccounts` (`_id`, `syncCount`, `firstName`, `lastName`, `gender`, `height`, `weight`, `birthDate`) VALUES
	(1, 0, 'Test1', 'Test1', 1, 0, 0, 1233425646),
	(78, 0, 'Andrea', 'Boscolo', 1, 179, 75, 791506800000),
	(79, 0, 'Davide', 'Canal', 1, 175, 70.5, 631148400000),
	(94, 0, 'Mario', 'Rossi', 1, 168, 62, 766879200000),
	(96, 0, 'Mario', 'Garavello', 1, 175, 75, 546645600000),
	(193, 43, 'Tiziano', 'Longo', 1, 186, 95, 253666800000),
	(283, 0, 'Marco', 'Ferrari', 1, 2, 1.1, 1432159200000),
	(284, 0, 'Andrea', 'Bianchi', 1, 187, 98, 631148400000),
	(530, 0, 'Tiozzo', 'Luca', 1, 178, 70, 684799200000);
/*!40000 ALTER TABLE `commonaccounts` ENABLE KEYS */;


-- Dump della struttura di tabella boscolon_spring.forecasttypes
CREATE TABLE IF NOT EXISTS `forecasttypes` (
  `_id` int(10) unsigned NOT NULL AUTO_INCREMENT,
  `name` varchar(255) NOT NULL,
  PRIMARY KEY (`_id`)
) ENGINE=InnoDB AUTO_INCREMENT=963 DEFAULT CHARSET=latin1;

-- Dump dei dati della tabella boscolon_spring.forecasttypes: ~73 rows (circa)
/*!40000 ALTER TABLE `forecasttypes` DISABLE KEYS */;
INSERT IGNORE INTO `forecasttypes` (`_id`, `name`) VALUES
	(200, 'thunderstorm_with_light_rain'),
	(201, 'thunderstorm_with_rain'),
	(202, 'thunderstorm_with_heavy_rain'),
	(210, 'light_thunderstorm'),
	(211, 'thunderstorm'),
	(212, 'heavy_thunderstorm'),
	(221, 'ragged_thunderstorm'),
	(230, 'thunderstorm_with_light_drizzle'),
	(231, 'thunderstorm_with_drizzle'),
	(232, 'thunderstorm_with_heavy_drizzle'),
	(300, 'light_intensity_drizzle'),
	(301, 'drizzle'),
	(302, 'heavy_intensity_drizzle'),
	(310, 'light_intensity_drizzle_rain'),
	(311, 'drizzle_rain'),
	(312, 'heavy_intensity_drizzle_rain'),
	(313, 'shower_rain_and_drizzle'),
	(314, 'heavy_shower_rain_and_drizzle'),
	(321, 'shower_drizzle'),
	(500, 'light_rain'),
	(501, 'moderate_rain'),
	(502, 'heavy_intensity_rain'),
	(503, 'very_heavy_rain'),
	(504, 'extreme_rain'),
	(511, 'freezing_rain'),
	(520, 'light_intensity_shower_rain'),
	(521, 'shower_rain'),
	(522, 'heavy_intensity_shower_rain'),
	(531, 'ragged_shower_rain'),
	(600, 'light_snow'),
	(601, 'snow'),
	(602, 'heavy_snow'),
	(611, 'sleet'),
	(612, 'shower_sleet'),
	(615, 'light_rain_and_snow'),
	(616, 'rain_and_snow'),
	(620, 'light_shower_snow'),
	(621, 'shower_snow'),
	(622, 'heavy_shower_snow'),
	(701, 'mist'),
	(711, 'smoke'),
	(721, 'haze'),
	(731, 'sand_dust_whirls'),
	(741, 'fog'),
	(751, 'sand'),
	(761, 'dust'),
	(762, 'volcanic_ash'),
	(771, 'squalls'),
	(781, 'tornado'),
	(800, 'clear_sky'),
	(801, 'few_clouds'),
	(802, 'scattered_clouds'),
	(803, 'broken_clouds'),
	(804, 'overcast_clouds'),
	(900, 'tornado'),
	(901, 'tropical_storm'),
	(902, 'hurricane'),
	(903, 'cold'),
	(904, 'hot'),
	(905, 'windy'),
	(906, 'hail'),
	(951, 'calm'),
	(952, 'light_breeze'),
	(953, 'gentle_breeze'),
	(954, 'moderate_breeze'),
	(955, 'fresh_breeze'),
	(956, 'strong_breeze'),
	(957, 'high_wind_near_gale'),
	(958, 'gale'),
	(959, 'severe_gale'),
	(960, 'storm'),
	(961, 'violent_storm'),
	(962, 'hurricane');
/*!40000 ALTER TABLE `forecasttypes` ENABLE KEYS */;


-- Dump della struttura di tabella boscolon_spring.genders
CREATE TABLE IF NOT EXISTS `genders` (
  `_id` tinyint(1) unsigned NOT NULL,
  `name` varchar(50) NOT NULL,
  PRIMARY KEY (`_id`)
) ENGINE=InnoDB DEFAULT CHARSET=latin1;

-- Dump dei dati della tabella boscolon_spring.genders: ~4 rows (circa)
/*!40000 ALTER TABLE `genders` DISABLE KEYS */;
INSERT IGNORE INTO `genders` (`_id`, `name`) VALUES
	(0, 'unknown'),
	(1, 'male'),
	(2, 'female'),
	(9, 'not available');
/*!40000 ALTER TABLE `genders` ENABLE KEYS */;


-- Dump della struttura di tabella boscolon_spring.helpnumbers
CREATE TABLE IF NOT EXISTS `helpnumbers` (
  `account_id` int(10) unsigned NOT NULL,
  `number` varchar(50) NOT NULL,
  `description` varchar(50) NOT NULL,
  PRIMARY KEY (`number`,`account_id`),
  KEY `FK-helpnumbers-commonaccounts` (`account_id`),
  CONSTRAINT `FK-helpnumbers-commonaccounts` FOREIGN KEY (`account_id`) REFERENCES `commonaccounts` (`_id`) ON DELETE CASCADE ON UPDATE CASCADE
) ENGINE=InnoDB DEFAULT CHARSET=latin1;

-- Dump dei dati della tabella boscolon_spring.helpnumbers: ~16 rows (circa)
/*!40000 ALTER TABLE `helpnumbers` DISABLE KEYS */;
INSERT IGNORE INTO `helpnumbers` (`account_id`, `number`, `description`) VALUES
	(193, '118', 'Pronto Soccorso'),
	(1, '128325', 'nuovaDesc'),
	(193, '1515', 'Emergenza ambientale'),
	(193, '1525', 'Servizio emergenza ambientale'),
	(193, '1530', 'Numero Blu - Emergenza in mare'),
	(1, '222329', 'nuovaDesc'),
	(1, '234938', 'nuovaDesc'),
	(1, '272071', 'nuovaDesc'),
	(1, '278631', 'nuovaDesc'),
	(1, '559705', 'nuovaDesc'),
	(1, '560632', 'nuovaDesc'),
	(1, '580092', 'nuovaDesc'),
	(1, '824671', 'nuovaDesc'),
	(1, '903396', 'nuovaDesc'),
	(1, '915439', 'nuovaDesc'),
	(1, '996795', 'nuovaDesc');
/*!40000 ALTER TABLE `helpnumbers` ENABLE KEYS */;


-- Dump della struttura di tabella boscolon_spring.pois
CREATE TABLE IF NOT EXISTS `pois` (
  `_id` int(10) unsigned NOT NULL AUTO_INCREMENT,
  `author_id` int(10) unsigned NOT NULL,
  `name` varchar(255) NOT NULL,
  `type_id` int(10) unsigned NOT NULL,
  `latitude` double NOT NULL,
  `longitude` double NOT NULL,
  `altitude` double NOT NULL,
  PRIMARY KEY (`_id`),
  KEY `FK-pois-accounts` (`author_id`),
  KEY `FK-pois-poitypes` (`type_id`),
  CONSTRAINT `FK-pois-accounts` FOREIGN KEY (`author_id`) REFERENCES `accounts` (`_id`) ON DELETE CASCADE ON UPDATE CASCADE,
  CONSTRAINT `FK-pois-poitypes` FOREIGN KEY (`type_id`) REFERENCES `poitypes` (`_id`) ON DELETE CASCADE ON UPDATE CASCADE
) ENGINE=InnoDB AUTO_INCREMENT=286 DEFAULT CHARSET=latin1;

-- Dump dei dati della tabella boscolon_spring.pois: ~8 rows (circa)
/*!40000 ALTER TABLE `pois` DISABLE KEYS */;
INSERT IGNORE INTO `pois` (`_id`, `author_id`, `name`, `type_id`, `latitude`, `longitude`, `altitude`) VALUES
	(115, 193, 'Casa Marina', 3, 45.31150696296767, 11.698336601257324, 304.131),
	(116, 193, 'Fontana del venda', 3, 45.31805570944315, 11.676052808761597, 231.308),
	(117, 193, 'Castelnuovo', 3, 45.33051736196599, 11.684635877609253, 256.479),
	(118, 284, 'Casa del Petrarca', 0, 45.27069794865037, 11.715635508298874, 81.773),
	(119, 2, 'Rifugio Kubelek', 1, 45.8289338180131, 11.452715992927551, 1201.301),
	(246, 193, 'Rif. Passo Pertica', 1, 45.70351627, 11.11606467, 1525.3),
	(247, 193, 'Rif. Fraccaroli', 1, 45.72363514, 11.12895713, 2203.3),
	(248, 193, 'Cima Carega', 5, 45.72385845, 11.13007307, 2210.8);
/*!40000 ALTER TABLE `pois` ENABLE KEYS */;


-- Dump della struttura di tabella boscolon_spring.poitypes
CREATE TABLE IF NOT EXISTS `poitypes` (
  `_id` int(11) unsigned NOT NULL AUTO_INCREMENT,
  `name` varchar(255) NOT NULL,
  PRIMARY KEY (`_id`)
) ENGINE=InnoDB AUTO_INCREMENT=8 DEFAULT CHARSET=latin1;

-- Dump dei dati della tabella boscolon_spring.poitypes: ~7 rows (circa)
/*!40000 ALTER TABLE `poitypes` DISABLE KEYS */;
INSERT IGNORE INTO `poitypes` (`_id`, `name`) VALUES
	(0, 'altro'),
	(1, 'rifugio'),
	(2, 'bivacco'),
	(3, 'fonte d\'acqua'),
	(4, 'vista panoramica'),
	(5, 'cima'),
	(6, 'baita');
/*!40000 ALTER TABLE `poitypes` ENABLE KEYS */;


-- Dump della struttura di tabella boscolon_spring.recordedtracklocations
CREATE TABLE IF NOT EXISTS `recordedtracklocations` (
  `track_id` int(10) unsigned NOT NULL,
  `account_id` int(10) unsigned NOT NULL,
  `syncNumber` int(10) unsigned NOT NULL,
  `locationOrder` int(11) unsigned NOT NULL,
  `latitude` double NOT NULL,
  `longitude` double NOT NULL,
  `altitude` double NOT NULL,
  PRIMARY KEY (`track_id`,`syncNumber`,`account_id`,`locationOrder`) USING BTREE,
  KEY `FK-recordedtracklocations` (`track_id`,`account_id`,`syncNumber`) USING BTREE,
  CONSTRAINT `FK-recordedtracklocations-recordedtrack` FOREIGN KEY (`track_id`, `account_id`, `syncNumber`) REFERENCES `recordedtracks` (`_id`, `account_id`, `syncNumber`) ON DELETE CASCADE ON UPDATE CASCADE
) ENGINE=InnoDB DEFAULT CHARSET=latin1;

-- Dump dei dati della tabella boscolon_spring.recordedtracklocations: ~1.287 rows (circa)
/*!40000 ALTER TABLE `recordedtracklocations` DISABLE KEYS */;
INSERT IGNORE INTO `recordedtracklocations` (`track_id`, `account_id`, `syncNumber`, `locationOrder`, `latitude`, `longitude`, `altitude`) VALUES
	(15, 284, 1, 1, 45.952642774, 11.49509632, 1619),
	(15, 284, 1, 2, 45.95265585, 11.495136553, 1618),
	(15, 284, 1, 3, 45.952822734, 11.495081736, 1619.5),
	(15, 284, 1, 4, 45.953257084, 11.495115766, 1618),
	(15, 284, 1, 5, 45.953477444, 11.495041922, 1616.6),
	(15, 284, 1, 6, 45.953795705, 11.495191539, 1622.8),
	(15, 284, 1, 7, 45.954079768, 11.495193383, 1623.3),
	(15, 284, 1, 8, 45.954210442, 11.495360769, 1619),
	(15, 284, 1, 9, 45.954603218, 11.494982578, 1622.4),
	(15, 284, 1, 10, 45.95479181, 11.494914684, 1626.7),
	(15, 284, 1, 11, 45.954990629, 11.494975537, 1629.6),
	(15, 284, 1, 12, 45.955187185, 11.494964641, 1632.9),
	(15, 284, 1, 13, 45.955259688, 11.495012082, 1632.9),
	(15, 284, 1, 14, 45.955391619, 11.49501401, 1635.3),
	(15, 284, 1, 15, 45.95566554, 11.495122556, 1639.7),
	(15, 284, 1, 16, 45.955736367, 11.495233783, 1640.6),
	(15, 284, 1, 17, 45.956111373, 11.495288936, 1645.4),
	(15, 284, 1, 18, 45.956244729, 11.495498652, 1648.3),
	(15, 284, 1, 19, 45.956578078, 11.495766956, 1650.7),
	(15, 284, 1, 20, 45.956653683, 11.495939624, 1653.1),
	(15, 284, 1, 21, 45.956653263, 11.495898217, 1652.2),
	(15, 284, 1, 22, 45.956720822, 11.495835437, 1650.2),
	(15, 284, 1, 23, 45.956975045, 11.495886063, 1649.3),
	(15, 284, 1, 24, 45.957156261, 11.495862929, 1651.2),
	(15, 284, 1, 25, 45.957776271, 11.495928727, 1659.9),
	(15, 284, 1, 26, 45.957924295, 11.495821355, 1661.8),
	(15, 284, 1, 27, 45.958093023, 11.495761592, 1664.2),
	(15, 284, 1, 28, 45.958370548, 11.495482642, 1671.9),
	(15, 284, 1, 29, 45.95840726, 11.495355237, 1673.8),
	(15, 284, 1, 30, 45.958521925, 11.495174356, 1676.2),
	(15, 284, 1, 31, 45.958534833, 11.495093303, 1677.6),
	(15, 284, 1, 32, 45.958942026, 11.494499529, 1687.3),
	(15, 284, 1, 33, 45.959072616, 11.494448483, 1692.1),
	(15, 284, 1, 34, 45.95915853, 11.494308757, 1693.5),
	(15, 284, 1, 35, 45.95949607, 11.494137682, 1699.7),
	(15, 284, 1, 36, 45.95977569, 11.493775332, 1707.9),
	(15, 284, 1, 37, 45.960011808, 11.493646586, 1716.6),
	(15, 284, 1, 38, 45.960048772, 11.493592104, 1719),
	(15, 284, 1, 39, 45.960104764, 11.493594116, 1721.9),
	(15, 284, 1, 40, 45.960299224, 11.493467465, 1727.1),
	(15, 284, 1, 41, 45.96041196, 11.493462604, 1730.5),
	(15, 284, 1, 42, 45.960478429, 11.49341248, 1731.5),
	(15, 284, 1, 43, 45.960596697, 11.493215756, 1733.9),
	(15, 284, 1, 44, 45.960909259, 11.493039904, 1736.8),
	(15, 284, 1, 45, 45.961329443, 11.493081646, 1743),
	(15, 284, 1, 46, 45.961549049, 11.492996318, 1745.9),
	(15, 284, 1, 47, 45.961701516, 11.493002772, 1747.3),
	(15, 284, 1, 48, 45.961981555, 11.49289255, 1750.2),
	(15, 284, 1, 49, 45.962065961, 11.492908224, 1751.2),
	(15, 284, 1, 50, 45.962160006, 11.493018782, 1752.6),
	(15, 284, 1, 51, 45.962614808, 11.49287696, 1756.5),
	(15, 284, 1, 52, 45.962760905, 11.492960947, 1758.4),
	(15, 284, 1, 53, 45.962927118, 11.492882408, 1758.4),
	(15, 284, 1, 54, 45.962910186, 11.492895903, 1757.9),
	(15, 284, 1, 55, 45.963065755, 11.492959354, 1762.7),
	(15, 284, 1, 56, 45.963318385, 11.49283505, 1768),
	(15, 284, 1, 57, 45.963502033, 11.492645368, 1773.3),
	(15, 284, 1, 58, 45.963632287, 11.492569428, 1776.7),
	(15, 284, 1, 59, 45.963674616, 11.492494661, 1779.5),
	(15, 284, 1, 60, 45.963748461, 11.492487201, 1781.9),
	(15, 284, 1, 61, 45.964024477, 11.492318474, 1785.8),
	(15, 284, 1, 62, 45.964166634, 11.492292238, 1789.2),
	(15, 284, 1, 63, 45.96430284, 11.492115548, 1793.5),
	(15, 284, 1, 64, 45.964810699, 11.491874317, 1802.6),
	(15, 284, 1, 65, 45.964930896, 11.491745906, 1803.6),
	(15, 284, 1, 66, 45.965272207, 11.491568126, 1808.9),
	(15, 284, 1, 67, 45.965323923, 11.491482966, 1810.8),
	(15, 284, 1, 68, 45.965433642, 11.49140669, 1811.3),
	(15, 284, 1, 69, 45.965685183, 11.491096476, 1809.3),
	(15, 284, 1, 70, 45.965693314, 11.491045346, 1809.8),
	(15, 284, 1, 71, 45.966055999, 11.490793554, 1809.3),
	(15, 284, 1, 72, 45.966200838, 11.490640836, 1811.7),
	(15, 284, 1, 73, 45.96631919, 11.490598256, 1813.7),
	(15, 284, 1, 74, 45.966484901, 11.490446795, 1816.5),
	(15, 284, 1, 75, 45.966632757, 11.490396922, 1816.1),
	(15, 284, 1, 76, 45.966835348, 11.490428271, 1817.5),
	(15, 284, 1, 77, 45.967013463, 11.490396252, 1819),
	(15, 284, 1, 78, 45.967273889, 11.490469929, 1823.8),
	(15, 284, 1, 79, 45.967468852, 11.490421817, 1828.6),
	(15, 284, 1, 80, 45.96768125, 11.490501612, 1836.3),
	(15, 284, 1, 81, 45.967861461, 11.490236493, 1843),
	(15, 284, 1, 82, 45.968128843, 11.49010364, 1852.1),
	(15, 284, 1, 83, 45.968360854, 11.490163989, 1855),
	(15, 284, 1, 84, 45.968740303, 11.49000247, 1859.8),
	(15, 284, 1, 85, 45.96883636, 11.490060138, 1861.7),
	(15, 284, 1, 86, 45.969381519, 11.4900997, 1864.1),
	(15, 284, 1, 87, 45.969620235, 11.490242528, 1863.2),
	(15, 284, 1, 88, 45.969735235, 11.490425589, 1865.1),
	(15, 284, 1, 89, 45.970145613, 11.490436988, 1871.8),
	(15, 284, 1, 90, 45.970360273, 11.490301201, 1876.2),
	(15, 284, 1, 91, 45.970446104, 11.49028955, 1879.5),
	(15, 284, 1, 92, 45.970579041, 11.490159128, 1883.4),
	(15, 284, 1, 93, 45.970814908, 11.490127025, 1885.8),
	(15, 284, 1, 94, 45.970909875, 11.490157954, 1886.7),
	(15, 284, 1, 95, 45.971007356, 11.490129037, 1888.2),
	(15, 284, 1, 96, 45.97115228, 11.48988219, 1892.5),
	(15, 284, 1, 97, 45.971572967, 11.489439541, 1896.3),
	(15, 284, 1, 98, 45.971613871, 11.489332756, 1893.5),
	(15, 284, 1, 99, 45.971836662, 11.489235023, 1884.8),
	(15, 284, 1, 100, 45.972257601, 11.489290763, 1882.4),
	(15, 284, 1, 101, 45.972420797, 11.489275927, 1882.9),
	(15, 284, 1, 102, 45.973088164, 11.48953476, 1891.5),
	(15, 284, 1, 103, 45.973302405, 11.489454545, 1893.5),
	(15, 284, 1, 104, 45.973447831, 11.489196299, 1897.8),
	(15, 284, 1, 105, 45.973519916, 11.488882061, 1902.6),
	(15, 284, 1, 106, 45.973597113, 11.488746526, 1904.5),
	(15, 284, 1, 107, 45.973625947, 11.488543767, 1906.9),
	(15, 284, 1, 108, 45.973780677, 11.488128779, 1911.2),
	(15, 284, 1, 109, 45.97397279, 11.487726867, 1909.8),
	(15, 284, 1, 110, 45.974017382, 11.487432411, 1914.1),
	(15, 284, 1, 111, 45.974078989, 11.487360997, 1917),
	(15, 284, 1, 112, 45.974545525, 11.487267623, 1918.9),
	(15, 284, 1, 113, 45.974592799, 11.487193946, 1917.5),
	(15, 284, 1, 114, 45.974841239, 11.487187659, 1916),
	(15, 284, 1, 115, 45.974975098, 11.487237783, 1914.6),
	(15, 284, 1, 116, 45.975161679, 11.48721314, 1918.4),
	(15, 284, 1, 117, 45.975320013, 11.487379437, 1916.5),
	(15, 284, 1, 118, 45.975604663, 11.487203082, 1921.8),
	(15, 284, 1, 119, 45.97585964, 11.487187576, 1927.6),
	(15, 284, 1, 120, 45.976198185, 11.486940561, 1935.3),
	(15, 284, 1, 121, 45.976265492, 11.486945758, 1934.3),
	(15, 284, 1, 122, 45.976408822, 11.486843582, 1937.2),
	(15, 284, 1, 123, 45.976667488, 11.486737886, 1938.2),
	(15, 284, 1, 124, 45.976872761, 11.48685012, 1938.2),
	(15, 284, 1, 125, 45.977075687, 11.486827573, 1938.2),
	(15, 284, 1, 126, 45.97745195, 11.486620624, 1941.5),
	(15, 284, 1, 127, 45.977587318, 11.486642836, 1941),
	(15, 284, 1, 128, 45.978060141, 11.486535212, 1947.8),
	(15, 284, 1, 129, 45.978119904, 11.486440748, 1950.2),
	(15, 284, 1, 130, 45.978238927, 11.486404454, 1951.6),
	(15, 284, 1, 131, 45.978544783, 11.486147465, 1956.9),
	(15, 284, 1, 132, 45.978686437, 11.486121565, 1960.7),
	(15, 284, 1, 133, 45.978778303, 11.485981504, 1963.6),
	(15, 284, 1, 134, 45.979017857, 11.485958956, 1965.1),
	(15, 284, 1, 135, 45.979072675, 11.486001872, 1966),
	(15, 284, 1, 136, 45.979274428, 11.48602182, 1968.4),
	(15, 284, 1, 137, 45.980124688, 11.485930039, 1971.3),
	(15, 284, 1, 138, 45.980440769, 11.485781595, 1969.4),
	(15, 284, 1, 139, 45.980510591, 11.485677157, 1969.9),
	(15, 284, 1, 140, 45.980606228, 11.485403152, 1971.3),
	(15, 284, 1, 141, 45.98062953, 11.485052034, 1973.7),
	(15, 284, 1, 142, 45.980576389, 11.4848476, 1975.2),
	(15, 284, 1, 143, 45.980239101, 11.484769648, 1978.5),
	(15, 284, 1, 144, 45.979999462, 11.48446857, 1978.5),
	(15, 284, 1, 145, 45.979779856, 11.484455662, 1978.5),
	(15, 284, 1, 146, 45.979506522, 11.484290957, 1979),
	(15, 284, 1, 147, 45.979433516, 11.484208396, 1979.5),
	(15, 284, 1, 148, 45.979089439, 11.484065317, 1980.9),
	(15, 284, 1, 149, 45.9790166, 11.483999435, 1981.4),
	(15, 284, 1, 150, 45.978910066, 11.483607162, 1983.8),
	(15, 284, 1, 151, 45.978730274, 11.483163089, 1984.8),
	(15, 284, 1, 152, 45.978558278, 11.482923618, 1983.3),
	(15, 284, 1, 153, 45.978279579, 11.482283324, 1983.3),
	(15, 284, 1, 154, 45.978222331, 11.481991131, 1982.9),
	(15, 284, 1, 155, 45.978237335, 11.481811842, 1982.4),
	(15, 284, 1, 156, 45.978317298, 11.48150892, 1984.3),
	(15, 284, 1, 157, 45.978393741, 11.481363242, 1984.8),
	(15, 284, 1, 158, 45.978503963, 11.480918666, 1986.7),
	(15, 284, 1, 159, 45.978519134, 11.480575008, 1986.2),
	(15, 284, 1, 160, 45.978578562, 11.480484065, 1987.7),
	(15, 284, 1, 161, 45.978603456, 11.480319193, 1989.6),
	(15, 284, 1, 162, 45.978673613, 11.480194135, 1992),
	(15, 284, 1, 163, 45.97871284, 11.479917867, 1995.8),
	(15, 284, 1, 164, 45.978700183, 11.479827007, 1997.3),
	(15, 284, 1, 165, 45.978751145, 11.479737489, 1998.7),
	(15, 284, 1, 166, 45.979170576, 11.479777889, 1999.2),
	(15, 284, 1, 167, 45.979228746, 11.47967848, 1997.3),
	(15, 284, 1, 168, 45.97915398, 11.479529282, 1996.8),
	(15, 284, 1, 169, 45.979245342, 11.479011113, 1998.2),
	(15, 284, 1, 170, 45.979306782, 11.478833584, 1998.7),
	(15, 284, 1, 171, 45.979470061, 11.478600735, 2001.1),
	(15, 284, 1, 172, 45.979587995, 11.478543235, 2003),
	(15, 284, 1, 173, 45.979639124, 11.478162864, 2006.4),
	(15, 284, 1, 174, 45.979773737, 11.478013247, 2007.4),
	(15, 284, 1, 175, 45.979939699, 11.47800168, 2009.3),
	(15, 284, 1, 176, 45.980126951, 11.477808729, 2011.2),
	(15, 284, 1, 177, 45.980135752, 11.477687946, 2012.2),
	(15, 284, 1, 178, 45.980044976, 11.477381168, 2014.6),
	(15, 284, 1, 179, 45.980041036, 11.477152761, 2017.5),
	(15, 284, 1, 180, 45.980005329, 11.477053687, 2017.9),
	(15, 284, 1, 181, 45.979900891, 11.476963079, 2019.4),
	(15, 284, 1, 182, 45.979674831, 11.476923013, 2021.8),
	(15, 284, 1, 183, 45.979524795, 11.476822346, 2024.2),
	(15, 284, 1, 184, 45.979567124, 11.476724949, 2024.2),
	(15, 284, 1, 185, 45.979637112, 11.476689829, 2025.2),
	(15, 284, 1, 186, 45.979638873, 11.476530405, 2028),
	(15, 284, 1, 187, 45.979567459, 11.476461841, 2029),
	(15, 284, 1, 188, 45.979271494, 11.476473743, 2033.8),
	(15, 284, 1, 189, 45.978974104, 11.476336783, 2038.1),
	(15, 284, 1, 190, 45.978910904, 11.476534177, 2041.5),
	(15, 284, 1, 191, 45.978862708, 11.476567872, 2042.9),
	(15, 284, 1, 192, 45.978737986, 11.476331754, 2044.9),
	(15, 284, 1, 193, 45.978697753, 11.476126229, 2047.3),
	(15, 284, 1, 194, 45.97872382, 11.476007542, 2049.2),
	(15, 284, 1, 195, 45.978889531, 11.475677378, 2052.6),
	(15, 284, 1, 196, 45.978795066, 11.475380324, 2056.9),
	(15, 284, 1, 197, 45.978796072, 11.475228695, 2057.4),
	(15, 284, 1, 198, 45.978809483, 11.475256188, 2057.4),
	(15, 284, 1, 199, 45.978744524, 11.475103637, 2058.3),
	(15, 284, 1, 200, 45.978581663, 11.475030882, 2058.3),
	(15, 284, 1, 201, 45.978472279, 11.475104727, 2058.3),
	(15, 284, 1, 202, 45.978320651, 11.47536708, 2058.8),
	(15, 284, 1, 203, 45.978081515, 11.47534403, 2057.8),
	(15, 284, 1, 204, 45.977804158, 11.475256104, 2058.3),
	(15, 284, 1, 205, 45.977591509, 11.475072205, 2059.3),
	(15, 284, 1, 206, 45.977534093, 11.475071199, 2058.8),
	(15, 284, 1, 207, 45.97761347, 11.475069271, 2059.3),
	(15, 284, 1, 208, 45.977685051, 11.475149486, 2060.2),
	(15, 284, 1, 209, 45.977583714, 11.475176308, 2062.6),
	(15, 284, 1, 210, 45.977518251, 11.475077989, 2058.3),
	(15, 284, 1, 211, 45.977186831, 11.475257864, 2056.4),
	(15, 284, 1, 212, 45.97684267, 11.475235652, 2055.9),
	(15, 284, 1, 213, 45.976653574, 11.475106403, 2053.5),
	(15, 284, 1, 214, 45.976467915, 11.475127861, 2051.6),
	(15, 284, 1, 215, 45.976129118, 11.475345371, 2048.7),
	(15, 284, 1, 216, 45.975851761, 11.475182008, 2044.9),
	(15, 284, 1, 217, 45.975801134, 11.475230455, 2042.9),
	(15, 284, 1, 218, 45.975518329, 11.475238837, 2041),
	(15, 284, 1, 219, 45.975383716, 11.475370768, 2039.1),
	(15, 284, 1, 220, 45.975187244, 11.475728005, 2036.2),
	(15, 284, 1, 221, 45.975213731, 11.475756839, 2035.7),
	(15, 284, 1, 222, 45.974928327, 11.475886758, 2030.4),
	(15, 284, 1, 223, 45.974690532, 11.476142155, 2026.6),
	(15, 284, 1, 224, 45.974494899, 11.476422362, 2024.2),
	(15, 284, 1, 225, 45.974185942, 11.476667449, 2020.8),
	(15, 284, 1, 226, 45.974063314, 11.476850845, 2019.4),
	(15, 284, 1, 227, 45.974034732, 11.477052346, 2017.9),
	(15, 284, 1, 228, 45.973969102, 11.4771479, 2016.5),
	(15, 284, 1, 229, 45.973710017, 11.477247309, 2013.1),
	(15, 284, 1, 230, 45.973536344, 11.477239765, 2011.2),
	(15, 284, 1, 231, 45.973562999, 11.477268515, 2011.2),
	(15, 284, 1, 232, 45.973506672, 11.477844017, 2007.9),
	(15, 284, 1, 233, 45.973399132, 11.477991873, 2007.4),
	(15, 284, 1, 234, 45.973197129, 11.478081392, 2005.4),
	(15, 284, 1, 235, 45.972905103, 11.478097904, 2002.1),
	(15, 284, 1, 236, 45.972706536, 11.478204941, 1997.3),
	(15, 284, 1, 237, 45.972202783, 11.478216089, 1991.5),
	(15, 284, 1, 238, 45.971759884, 11.478100503, 1987.2),
	(15, 284, 1, 239, 45.971497362, 11.477950383, 1982.9),
	(15, 284, 1, 240, 45.971223861, 11.477860026, 1980.9),
	(15, 284, 1, 241, 45.970849441, 11.47758577, 1977.1),
	(15, 284, 1, 242, 45.970605696, 11.477475297, 1975.6),
	(15, 284, 1, 243, 45.970339486, 11.477587866, 1972.3),
	(15, 284, 1, 244, 45.969921816, 11.477288129, 1968.9),
	(15, 284, 1, 245, 45.96974303, 11.477262313, 1966.5),
	(15, 284, 1, 246, 45.96960322, 11.476823688, 1963.6),
	(15, 284, 1, 247, 45.969456369, 11.476709945, 1962.7),
	(15, 284, 1, 248, 45.969257215, 11.476710197, 1959.8),
	(15, 284, 1, 249, 45.969066359, 11.476634257, 1958.3),
	(15, 284, 1, 250, 45.968993353, 11.476493943, 1955.9),
	(15, 284, 1, 251, 45.969082788, 11.475828839, 1953.1),
	(15, 284, 1, 252, 45.96905563, 11.475678049, 1952.6),
	(15, 284, 1, 253, 45.968709122, 11.475623483, 1950.2),
	(15, 284, 1, 254, 45.968669392, 11.475583334, 1949.7),
	(15, 284, 1, 255, 45.968517428, 11.475068266, 1947.8),
	(15, 284, 1, 256, 45.968419779, 11.474912614, 1945.4),
	(15, 284, 1, 257, 45.967962127, 11.474563926, 1941.5),
	(15, 284, 1, 258, 45.967723159, 11.474315487, 1938.6),
	(15, 284, 1, 259, 45.967453094, 11.474127229, 1933.8),
	(15, 284, 1, 260, 45.967332479, 11.473955484, 1933.3),
	(15, 284, 1, 261, 45.967281349, 11.473635044, 1930.5),
	(15, 284, 1, 262, 45.967158638, 11.47342273, 1929),
	(15, 284, 1, 263, 45.966990832, 11.47334394, 1928.1),
	(15, 284, 1, 264, 45.96677064, 11.473352574, 1925.7),
	(15, 284, 1, 265, 45.966691682, 11.473137913, 1923.7),
	(15, 284, 1, 266, 45.966694951, 11.472925516, 1921.8),
	(15, 284, 1, 267, 45.966864601, 11.472491082, 1918.4),
	(15, 284, 1, 268, 45.966794109, 11.472244738, 1917),
	(15, 284, 1, 269, 45.966778183, 11.472000489, 1916),
	(15, 284, 1, 270, 45.966808274, 11.471800664, 1915.1),
	(15, 284, 1, 271, 45.966807185, 11.471334882, 1911.2),
	(15, 284, 1, 272, 45.96644911, 11.47095493, 1907.9),
	(15, 284, 1, 273, 45.966363279, 11.470943028, 1906.4),
	(15, 284, 1, 274, 45.966416337, 11.471066074, 1906.9),
	(15, 284, 1, 275, 45.966629991, 11.471300181, 1903.5),
	(15, 284, 1, 276, 45.966721606, 11.471564462, 1901.1),
	(15, 284, 1, 277, 45.966519853, 11.47233367, 1894.9),
	(15, 284, 1, 278, 45.966222631, 11.472816635, 1890.1),
	(15, 284, 1, 279, 45.96613613, 11.472785957, 1889.6),
	(15, 284, 1, 280, 45.966121545, 11.472704904, 1889.6),
	(15, 284, 1, 281, 45.966253979, 11.472358564, 1886.2),
	(15, 284, 1, 282, 45.966320867, 11.471938547, 1883.8),
	(15, 284, 1, 283, 45.966384234, 11.471798737, 1882.9),
	(15, 284, 1, 284, 45.966326063, 11.471526995, 1880.5),
	(15, 284, 1, 285, 45.965875871, 11.471196078, 1876.2),
	(15, 284, 1, 286, 45.965734636, 11.471010838, 1873.3),
	(15, 284, 1, 287, 45.9655271, 11.470593922, 1869.4),
	(15, 284, 1, 288, 45.965358792, 11.470375657, 1868),
	(15, 284, 1, 289, 45.965275727, 11.47017776, 1866.5),
	(15, 284, 1, 290, 45.965113789, 11.469976259, 1865.1),
	(15, 284, 1, 291, 45.965105658, 11.469911132, 1865.6),
	(15, 284, 1, 292, 45.965222251, 11.469529588, 1863.2),
	(15, 284, 1, 293, 45.965305818, 11.469431603, 1863.2),
	(15, 284, 1, 294, 45.965298275, 11.46926648, 1863.2),
	(15, 284, 1, 295, 45.96515771, 11.468973197, 1860.8),
	(15, 284, 1, 296, 45.965047069, 11.468425943, 1860.3),
	(15, 284, 1, 297, 45.964800473, 11.467932332, 1857.4),
	(15, 284, 1, 298, 45.964607187, 11.46779093, 1856.9),
	(15, 284, 1, 299, 45.964220362, 11.467741644, 1855),
	(15, 284, 1, 300, 45.964007964, 11.46780015, 1853.6),
	(15, 284, 1, 301, 45.963965217, 11.467861086, 1853.1),
	(15, 284, 1, 302, 45.963889947, 11.46817876, 1851.2),
	(15, 284, 1, 303, 45.96367076, 11.468577152, 1848.3),
	(15, 284, 1, 304, 45.96358493, 11.4688903, 1846.3),
	(15, 284, 1, 305, 45.963492896, 11.469674427, 1845.9),
	(15, 284, 1, 306, 45.963394744, 11.469633104, 1845.9),
	(15, 284, 1, 307, 45.963472361, 11.469622627, 1846.3),
	(15, 284, 1, 308, 45.963151585, 11.469722539, 1846.8),
	(15, 284, 1, 309, 45.96306324, 11.469686329, 1846.8),
	(15, 284, 1, 310, 45.962305348, 11.469687754, 1849.2),
	(15, 284, 1, 311, 45.961749125, 11.469035558, 1851.2),
	(15, 284, 1, 312, 45.961134899, 11.468802709, 1845.9),
	(15, 284, 1, 313, 45.960903391, 11.468611602, 1840.1),
	(15, 284, 1, 314, 45.960653275, 11.468598945, 1832.4),
	(15, 284, 1, 315, 45.960629303, 11.468564831, 1829.5),
	(15, 284, 1, 316, 45.960629471, 11.468448825, 1826.6),
	(15, 284, 1, 317, 45.960525954, 11.468299879, 1821.4),
	(15, 284, 1, 318, 45.960485721, 11.467957981, 1816.1),
	(15, 284, 1, 319, 45.960534671, 11.467903163, 1815.6),
	(15, 284, 1, 320, 45.96051665, 11.467262367, 1812.2),
	(15, 284, 1, 321, 45.96048086, 11.467115181, 1810.3),
	(15, 284, 1, 322, 45.960192522, 11.46693849, 1806.9),
	(15, 284, 1, 323, 45.95994995, 11.466899095, 1805.5),
	(15, 284, 1, 324, 45.959780049, 11.466781581, 1803.6),
	(15, 284, 1, 325, 45.959454495, 11.466714861, 1799.7),
	(15, 284, 1, 326, 45.959008411, 11.466701198, 1796.4),
	(15, 284, 1, 327, 45.958385216, 11.46626777, 1792.5),
	(15, 284, 1, 328, 45.95804424, 11.46619929, 1788.7),
	(15, 284, 1, 329, 45.957921445, 11.466127122, 1787.2),
	(15, 284, 1, 330, 45.957939466, 11.466260729, 1788.2),
	(15, 284, 1, 331, 45.957860593, 11.466256371, 1787.2),
	(15, 284, 1, 332, 45.957751041, 11.466630623, 1785.3),
	(15, 284, 1, 333, 45.957744336, 11.467020968, 1783.9),
	(15, 284, 1, 334, 45.95760419, 11.467251973, 1782.4),
	(15, 284, 1, 335, 45.957397325, 11.467451546, 1781),
	(15, 284, 1, 336, 45.956919473, 11.468234919, 1777.1),
	(15, 284, 1, 337, 45.956293261, 11.468797764, 1775.2),
	(15, 284, 1, 338, 45.955544254, 11.469031367, 1775.7),
	(15, 284, 1, 339, 45.955362869, 11.469050227, 1777.1),
	(15, 284, 1, 340, 45.954853166, 11.469351891, 1777.6),
	(15, 284, 1, 341, 45.954430383, 11.469438728, 1777.1),
	(15, 284, 1, 342, 45.953588001, 11.469791271, 1778.1),
	(15, 284, 1, 343, 45.953320116, 11.470043734, 1778.1),
	(15, 284, 1, 344, 45.95331559, 11.47008799, 1778.1),
	(15, 284, 1, 345, 45.953310812, 11.470055804, 1777.6),
	(15, 284, 1, 346, 45.952556022, 11.470716717, 1779.1),
	(15, 284, 1, 347, 45.952446889, 11.470862562, 1779.1),
	(15, 284, 1, 348, 45.952219069, 11.471032128, 1779.5),
	(15, 284, 1, 349, 45.951946573, 11.471311077, 1779.1),
	(15, 284, 1, 350, 45.951719424, 11.471405206, 1779.5),
	(15, 284, 1, 351, 45.951275937, 11.471374277, 1781.5),
	(15, 284, 1, 352, 45.950943679, 11.471177051, 1782.9),
	(15, 284, 1, 353, 45.950552663, 11.471044198, 1785.8),
	(15, 284, 1, 354, 45.949780354, 11.470988709, 1788.2),
	(15, 284, 1, 355, 45.949540129, 11.470929785, 1788.7),
	(15, 284, 1, 356, 45.949205104, 11.470924253, 1790.1),
	(15, 284, 1, 357, 45.949126566, 11.471007233, 1791.6),
	(15, 284, 1, 358, 45.948987259, 11.471309904, 1790.6),
	(15, 284, 1, 359, 45.948541677, 11.471550297, 1785.8),
	(15, 284, 1, 360, 45.94838527, 11.471699914, 1783.9),
	(15, 284, 1, 361, 45.948164826, 11.471813656, 1781.9),
	(15, 284, 1, 362, 45.948111769, 11.471892362, 1781.5),
	(15, 284, 1, 363, 45.948129455, 11.472109454, 1781),
	(15, 284, 1, 364, 45.948107829, 11.472129654, 1781),
	(15, 284, 1, 365, 45.948129036, 11.47211004, 1781),
	(15, 284, 1, 366, 45.948108248, 11.472125715, 1781.5),
	(15, 284, 1, 367, 45.948166754, 11.47224105, 1781.5),
	(15, 284, 1, 368, 45.948213274, 11.47246887, 1781.5),
	(15, 284, 1, 369, 45.94820112, 11.472671712, 1782.4),
	(15, 284, 1, 370, 45.948140016, 11.472870782, 1781.9),
	(15, 284, 1, 371, 45.947883865, 11.473130705, 1782.4),
	(15, 284, 1, 372, 45.947413305, 11.473292978, 1783.9),
	(15, 284, 1, 373, 45.947344992, 11.473367577, 1784.3),
	(15, 284, 1, 374, 45.947340215, 11.474044751, 1783.9),
	(15, 284, 1, 375, 45.947273662, 11.474178694, 1783.4),
	(15, 284, 1, 376, 45.946617611, 11.47475956, 1780.5),
	(15, 284, 1, 377, 45.946498672, 11.474818066, 1780),
	(15, 284, 1, 378, 45.946141938, 11.475118557, 1776.7),
	(15, 284, 1, 379, 45.945917387, 11.475205058, 1775.2),
	(15, 284, 1, 380, 45.945568029, 11.47547571, 1771.8),
	(15, 284, 1, 381, 45.945290839, 11.475612922, 1769),
	(15, 284, 1, 382, 45.944657587, 11.475780308, 1763.7),
	(15, 284, 1, 383, 45.944013102, 11.475766478, 1759.4),
	(15, 284, 1, 384, 45.943810847, 11.47572021, 1758.4),
	(15, 284, 1, 385, 45.943430811, 11.47579615, 1756.9),
	(15, 284, 1, 386, 45.943094697, 11.475731274, 1756.9),
	(15, 284, 1, 387, 45.94256077, 11.475845687, 1758.9),
	(15, 284, 1, 388, 45.942238653, 11.476040231, 1762.2),
	(15, 284, 1, 389, 45.941798436, 11.476200661, 1765.1),
	(15, 284, 1, 390, 45.941446479, 11.476112735, 1766.1),
	(15, 284, 1, 391, 45.941352937, 11.476149196, 1766.6),
	(15, 284, 1, 392, 45.941509176, 11.476138551, 1768.5),
	(15, 284, 1, 393, 45.941574974, 11.476177694, 1769),
	(15, 284, 1, 394, 45.941838082, 11.476147184, 1773.3),
	(15, 284, 1, 395, 45.941999853, 11.476203427, 1775.2),
	(15, 284, 1, 396, 45.942098675, 11.476141233, 1777.1),
	(15, 284, 1, 397, 45.942475442, 11.476087673, 1783.4),
	(15, 284, 1, 398, 45.942741316, 11.4761528, 1787.2),
	(15, 284, 1, 399, 45.942798732, 11.476212479, 1788.2),
	(15, 284, 1, 400, 45.942362538, 11.476477766, 1789.2),
	(15, 284, 1, 401, 45.942204539, 11.476423955, 1789.6),
	(15, 284, 1, 402, 45.941737834, 11.476622606, 1793),
	(15, 284, 1, 403, 45.94139535, 11.47683098, 1794.9),
	(15, 284, 1, 404, 45.941049429, 11.476963079, 1796.4),
	(15, 284, 1, 405, 45.940761175, 11.476975735, 1796.4),
	(15, 284, 1, 406, 45.940540982, 11.477089897, 1796.8),
	(15, 284, 1, 407, 45.940192798, 11.477361387, 1797.3),
	(15, 284, 1, 408, 45.939656692, 11.477480996, 1797.3),
	(15, 284, 1, 409, 45.93946944, 11.477569761, 1798.8),
	(15, 284, 1, 410, 45.938885892, 11.477646958, 1799.7),
	(15, 284, 1, 411, 45.938861584, 11.477731699, 1799.7),
	(15, 284, 1, 412, 45.93891196, 11.477966476, 1797.3),
	(15, 284, 1, 413, 45.938891089, 11.478148112, 1796.4),
	(15, 284, 1, 414, 45.93882571, 11.478208127, 1794.4),
	(15, 284, 1, 415, 45.93865145, 11.478154482, 1793.5),
	(15, 284, 1, 416, 45.938503845, 11.478010733, 1792.5),
	(15, 284, 1, 417, 45.938435281, 11.478054067, 1791.1),
	(15, 284, 1, 418, 45.938402927, 11.478166217, 1791.1),
	(15, 284, 1, 419, 45.938353976, 11.478766277, 1786.3),
	(15, 284, 1, 420, 45.938411979, 11.478959229, 1784.8),
	(15, 284, 1, 421, 45.938727725, 11.479456695, 1780.5),
	(15, 284, 1, 422, 45.9388988, 11.48017209, 1774.7),
	(15, 284, 1, 423, 45.939116562, 11.480349284, 1771.8),
	(15, 284, 1, 424, 45.939206919, 11.480621193, 1771.4),
	(15, 284, 1, 425, 45.939202476, 11.480752369, 1769.9),
	(15, 284, 1, 426, 45.939050345, 11.48126333, 1769.4),
	(15, 284, 1, 427, 45.939043807, 11.481408086, 1769.4),
	(15, 284, 1, 428, 45.939016733, 11.481428873, 1769),
	(15, 284, 1, 429, 45.938957138, 11.48168142, 1769),
	(15, 284, 1, 430, 45.938878683, 11.482277708, 1768.5),
	(15, 284, 1, 431, 45.938925454, 11.482620444, 1767),
	(15, 284, 1, 432, 45.939010782, 11.482749777, 1765.6),
	(15, 284, 1, 433, 45.939886356, 11.483057896, 1759.4),
	(15, 284, 1, 434, 45.940218028, 11.482983045, 1758.4),
	(15, 284, 1, 435, 45.940521453, 11.483091675, 1754.5),
	(15, 284, 1, 436, 45.941194603, 11.482763607, 1744.9),
	(15, 284, 1, 437, 45.941690896, 11.482852204, 1740.1),
	(15, 284, 1, 438, 45.942282574, 11.483193599, 1736.8),
	(15, 284, 1, 439, 45.942363879, 11.483283369, 1618.5),
	(15, 284, 1, 440, 45.942407297, 11.483246656, 1631),
	(15, 284, 1, 441, 45.942711644, 11.483428543, 1705.5),
	(15, 284, 1, 442, 45.942986822, 11.483481852, 1720.9),
	(15, 284, 1, 443, 45.943280775, 11.483711768, 1726.2),
	(15, 284, 1, 444, 45.943416478, 11.483942103, 1727.6),
	(15, 284, 1, 445, 45.943350848, 11.484200684, 1728.1),
	(15, 284, 1, 446, 45.943073407, 11.484573176, 1726.7),
	(15, 284, 1, 447, 45.942405872, 11.484784903, 1721.9),
	(15, 284, 1, 448, 45.942156343, 11.485088076, 1721.9),
	(15, 284, 1, 449, 45.942053916, 11.485396782, 1721.9),
	(15, 284, 1, 450, 45.942096915, 11.485922914, 1721.4),
	(15, 284, 1, 451, 45.942167323, 11.48617655, 1721.4),
	(15, 284, 1, 452, 45.942264721, 11.486326419, 1720.4),
	(15, 284, 1, 453, 45.942543838, 11.486494308, 1717.1),
	(15, 284, 1, 454, 45.942633944, 11.486609224, 1716.1),
	(15, 284, 1, 455, 45.942887245, 11.486650212, 1712.7),
	(15, 284, 1, 456, 45.94339326, 11.487057488, 1707.4),
	(15, 284, 1, 457, 45.943580009, 11.487017926, 1704.6),
	(15, 284, 1, 458, 45.943641113, 11.486969311, 1703.6),
	(15, 284, 1, 459, 45.944112176, 11.486910889, 1697.8),
	(15, 284, 1, 460, 45.944394479, 11.486938968, 1694.9),
	(15, 284, 1, 461, 45.944486177, 11.486988589, 1694),
	(15, 284, 1, 462, 45.944918934, 11.487639528, 1692.5),
	(15, 284, 1, 463, 45.945001496, 11.48762838, 1691.6),
	(15, 284, 1, 464, 45.945018679, 11.487720245, 1690.6),
	(15, 284, 1, 465, 45.945020355, 11.487640869, 1690.6),
	(15, 284, 1, 466, 45.945134684, 11.487701554, 1689.7),
	(15, 284, 1, 467, 45.94601227, 11.487835832, 1682.9),
	(15, 284, 1, 468, 45.946328938, 11.487771543, 1680),
	(15, 284, 1, 469, 45.946660694, 11.487765172, 1677.2),
	(15, 284, 1, 470, 45.946748033, 11.487825438, 1676.7),
	(15, 284, 1, 471, 45.94695406, 11.488257777, 1674.3),
	(15, 284, 1, 472, 45.947069312, 11.488645356, 1672.8),
	(15, 284, 1, 473, 45.947442474, 11.489178026, 1668),
	(15, 284, 1, 474, 45.947497711, 11.48953585, 1666.6),
	(15, 284, 1, 475, 45.947537189, 11.489577508, 1665.6),
	(15, 284, 1, 476, 45.947877076, 11.48967851, 1661.8),
	(15, 284, 1, 477, 45.948159629, 11.48988001, 1658.4),
	(15, 284, 1, 478, 45.948158121, 11.489954358, 1657),
	(15, 284, 1, 479, 45.948063154, 11.489853943, 1655.5),
	(15, 284, 1, 480, 45.947815469, 11.489842627, 1653.1),
	(15, 284, 1, 481, 45.947844051, 11.48990415, 1649.8),
	(15, 284, 1, 482, 45.948095173, 11.490100455, 1646.9),
	(15, 284, 1, 483, 45.948692467, 11.491070576, 1639.7),
	(15, 284, 1, 484, 45.948818447, 11.491224719, 1636.8),
	(15, 284, 1, 485, 45.948944427, 11.491254559, 1635.3),
	(15, 284, 1, 486, 45.949349776, 11.491473997, 1630.5),
	(15, 284, 1, 487, 45.949495872, 11.491666362, 1628.6),
	(15, 284, 1, 488, 45.949785803, 11.491773734, 1626.2),
	(15, 284, 1, 489, 45.950473621, 11.492263321, 1619.5),
	(15, 284, 1, 490, 45.95061712, 11.492526345, 1617.6),
	(15, 284, 1, 491, 45.950661041, 11.492896657, 1616.6),
	(15, 284, 1, 492, 45.950809149, 11.493013669, 1614.7),
	(15, 284, 1, 493, 45.951249618, 11.493176948, 1609.9),
	(15, 284, 1, 494, 45.951541392, 11.493499987, 1606.5),
	(15, 284, 1, 495, 45.95183962, 11.494258465, 1607),
	(15, 284, 1, 496, 45.952102225, 11.494565913, 1606.5),
	(15, 284, 1, 497, 45.95231479, 11.494962797, 1607),
	(15, 284, 1, 498, 45.952391569, 11.495030606, 1606),
	(15, 284, 1, 499, 45.952600446, 11.495017279, 1605.5),
	(15, 284, 1, 500, 45.952599021, 11.49506514, 1606.5),
	(55, 193, 23, 1, 45.332795, 11.732551, 84.8),
	(55, 193, 23, 2, 45.331749, 11.732645, 78.5),
	(55, 193, 23, 3, 45.331109, 11.732537, 76.5),
	(55, 193, 23, 4, 45.330767, 11.732449, 78.1),
	(55, 193, 23, 5, 45.330482, 11.732355, 77.9),
	(55, 193, 23, 6, 45.330143, 11.732299, 77.8),
	(55, 193, 23, 7, 45.329758, 11.732151, 74.5),
	(55, 193, 23, 8, 45.329155, 11.731738, 69.1),
	(55, 193, 23, 9, 45.328791, 11.731572, 68.7),
	(55, 193, 23, 10, 45.328477, 11.7315, 65.6),
	(55, 193, 23, 11, 45.328214, 11.731488, 63.7),
	(55, 193, 23, 12, 45.327814, 11.731434, 60.7),
	(55, 193, 23, 13, 45.32748, 11.731457, 61.9),
	(55, 193, 23, 14, 45.326428, 11.731648, 60.9),
	(55, 193, 23, 15, 45.325783, 11.731537, 60.4),
	(55, 193, 23, 16, 45.325579, 11.731972, 61.5),
	(55, 193, 23, 17, 45.325364, 11.732478, 64.5),
	(55, 193, 23, 18, 45.325075, 11.732784, 64.6),
	(55, 193, 23, 19, 45.32475, 11.732975, 63.2),
	(55, 193, 23, 20, 45.323975, 11.732967, 57.5),
	(55, 193, 23, 21, 45.323436, 11.732983, 60.8),
	(55, 193, 23, 22, 45.323168, 11.732936, 64.2),
	(55, 193, 23, 23, 45.322857, 11.732784, 70),
	(55, 193, 23, 24, 45.322635, 11.732758, 69.4),
	(55, 193, 23, 25, 45.322493, 11.733023, 74.5),
	(55, 193, 23, 26, 45.322441, 11.733553, 75.8),
	(55, 193, 23, 27, 45.322334, 11.733724, 73.4),
	(55, 193, 23, 28, 45.322112, 11.733704, 76.5),
	(55, 193, 23, 29, 45.322051, 11.733191, 80.1),
	(55, 193, 23, 30, 45.32193, 11.733038, 84.5),
	(55, 193, 23, 31, 45.321805, 11.733357, 81.9),
	(55, 193, 23, 32, 45.321837, 11.73362, 83.2),
	(55, 193, 23, 33, 45.321855, 11.733959, 83.3),
	(55, 193, 23, 34, 45.321677, 11.733758, 81.9),
	(55, 193, 23, 35, 45.321628, 11.733329, 83),
	(55, 193, 23, 36, 45.32156, 11.733046, 84.6),
	(55, 193, 23, 37, 45.321324, 11.73304, 85.8),
	(55, 193, 23, 38, 45.321338, 11.733366, 86.3),
	(55, 193, 23, 39, 45.321423, 11.733612, 88.2),
	(55, 193, 23, 40, 45.321282, 11.733699, 87.3),
	(55, 193, 23, 41, 45.321074, 11.733527, 88.1),
	(55, 193, 23, 42, 45.320786, 11.733338, 91.1),
	(55, 193, 23, 43, 45.320569, 11.733273, 95.2),
	(55, 193, 23, 44, 45.32043, 11.73325, 96.8),
	(55, 193, 23, 45, 45.320294, 11.733159, 96.8),
	(55, 193, 23, 46, 45.320057, 11.733088, 92.1),
	(55, 193, 23, 47, 45.319662, 11.733128, 92.4),
	(55, 193, 23, 48, 45.31929, 11.732576, 85.2),
	(55, 193, 23, 49, 45.319014, 11.732439, 83.6),
	(55, 193, 23, 50, 45.318681, 11.732152, 78.3),
	(55, 193, 23, 51, 45.318498, 11.731709, 76.1),
	(55, 193, 23, 52, 45.318046, 11.731441, 74.9),
	(55, 193, 23, 53, 45.317877, 11.731151, 73.3),
	(55, 193, 23, 54, 45.317523, 11.730929, 71),
	(55, 193, 23, 55, 45.317286, 11.731164, 68.9),
	(55, 193, 23, 56, 45.316916, 11.731451, 66.2),
	(55, 193, 23, 57, 45.316494, 11.73157, 62),
	(55, 193, 23, 58, 45.315849, 11.731057, 57.5),
	(55, 193, 23, 59, 45.315303, 11.730667, 57.7),
	(55, 193, 23, 60, 45.314745, 11.730477, 55.5),
	(55, 193, 23, 61, 45.314289, 11.730061, 53.9),
	(55, 193, 23, 62, 45.313869, 11.729642, 56.3),
	(55, 193, 23, 63, 45.313696, 11.729347, 59.7),
	(55, 193, 23, 64, 45.313591, 11.728757, 62.7),
	(55, 193, 23, 65, 45.313419, 11.728801, 66.3),
	(55, 193, 23, 66, 45.313393, 11.729158, 67.6),
	(55, 193, 23, 67, 45.313337, 11.729418, 71),
	(55, 193, 23, 68, 45.312888, 11.729559, 72.6),
	(55, 193, 23, 69, 45.312651, 11.729534, 74.3),
	(55, 193, 23, 70, 45.31236, 11.729528, 75.6),
	(55, 193, 23, 71, 45.311862, 11.729716, 77.2),
	(55, 193, 23, 72, 45.310915, 11.730172, 71.3),
	(55, 193, 23, 73, 45.310312, 11.729997, 65.8),
	(55, 193, 23, 74, 45.309917, 11.729779, 62.1),
	(55, 193, 23, 75, 45.3096, 11.729525, 62.2),
	(55, 193, 23, 76, 45.309221, 11.729115, 60.9),
	(55, 193, 23, 77, 45.308767, 11.728567, 62.4),
	(55, 193, 23, 78, 45.308535, 11.728376, 60.9),
	(55, 193, 23, 79, 45.308398, 11.72865, 60.9),
	(55, 193, 23, 80, 45.308129, 11.729428, 64.1),
	(55, 193, 23, 81, 45.307964, 11.729954, 64.8),
	(55, 193, 23, 82, 45.307581, 11.731029, 62.8),
	(55, 193, 23, 83, 45.307436, 11.731495, 63.5),
	(55, 193, 23, 84, 45.307008, 11.732705, 65.7),
	(55, 193, 23, 85, 45.306861, 11.733218, 66.5),
	(55, 193, 23, 86, 45.30668, 11.733742, 64.5),
	(55, 193, 23, 87, 45.306506, 11.734029, 65.4),
	(55, 193, 23, 88, 45.306149, 11.734196, 67),
	(55, 193, 23, 89, 45.305899, 11.734485, 66.6),
	(55, 193, 23, 90, 45.305488, 11.734799, 67),
	(55, 193, 23, 91, 45.305206, 11.734933, 69),
	(55, 193, 23, 92, 45.304862, 11.735142, 69.9),
	(55, 193, 23, 93, 45.304408, 11.735278, 74.7),
	(55, 193, 23, 94, 45.30407, 11.735208, 72.1),
	(55, 193, 23, 95, 45.303741, 11.735311, 67.4),
	(55, 193, 23, 96, 45.303471, 11.735328, 63.5),
	(55, 193, 23, 97, 45.303228, 11.735423, 62.2),
	(55, 193, 23, 98, 45.302913, 11.735757, 64.1),
	(55, 193, 23, 99, 45.30257, 11.735967, 65.3),
	(55, 193, 23, 100, 45.30211, 11.736081, 67),
	(55, 193, 23, 101, 45.30174, 11.736023, 62.5),
	(55, 193, 23, 102, 45.301364, 11.735666, 55.6),
	(55, 193, 23, 103, 45.301171, 11.735362, 52.6),
	(55, 193, 23, 104, 45.300912, 11.73513, 54.4),
	(55, 193, 23, 105, 45.300536, 11.734999, 54.7),
	(55, 193, 23, 106, 45.3, 11.735047, 56.7),
	(55, 193, 23, 107, 45.29971, 11.735178, 56.2),
	(55, 193, 23, 108, 45.299428, 11.735503, 56.5),
	(55, 193, 23, 109, 45.299161, 11.735885, 56.8),
	(55, 193, 23, 110, 45.299031, 11.736252, 57.8),
	(55, 193, 23, 111, 45.298925, 11.736672, 57.5),
	(55, 193, 23, 112, 45.298715, 11.736983, 58.8),
	(55, 193, 23, 113, 45.298279, 11.737243, 59.3),
	(55, 193, 23, 114, 45.297377, 11.737696, 64.6),
	(55, 193, 23, 115, 45.297144, 11.7377, 67.6),
	(55, 193, 23, 116, 45.296905, 11.737535, 65.5),
	(55, 193, 23, 117, 45.296349, 11.736949, 56.1),
	(55, 193, 23, 118, 45.296051, 11.736665, 58.7),
	(55, 193, 23, 119, 45.295826, 11.736417, 58),
	(55, 193, 23, 120, 45.295616, 11.736067, 56.8),
	(55, 193, 23, 121, 45.295556, 11.735769, 59.5),
	(55, 193, 23, 122, 45.2954, 11.733764, 68.2),
	(55, 193, 23, 123, 45.295396, 11.732785, 65.2),
	(55, 193, 23, 124, 45.29545, 11.732088, 68.3),
	(55, 193, 23, 125, 45.295449, 11.731785, 68.9),
	(55, 193, 23, 126, 45.295413, 11.73133, 69.4),
	(55, 193, 23, 127, 45.295247, 11.730608, 69.2),
	(55, 193, 23, 128, 45.295068, 11.73014, 71.2),
	(55, 193, 23, 129, 45.294786, 11.729739, 67.8),
	(55, 193, 23, 130, 45.294278, 11.729465, 64.7),
	(55, 193, 23, 131, 45.293845, 11.729083, 62.7),
	(55, 193, 23, 132, 45.293646, 11.728276, 64.1),
	(55, 193, 23, 133, 45.293657, 11.727945, 66.9),
	(55, 193, 23, 134, 45.293702, 11.727733, 67.1),
	(55, 193, 23, 135, 45.293779, 11.727569, 70.9),
	(55, 193, 23, 136, 45.293851, 11.727331, 71.4),
	(55, 193, 23, 137, 45.293858, 11.726954, 71.1),
	(55, 193, 23, 138, 45.293828, 11.726747, 71.8),
	(55, 193, 23, 139, 45.293858, 11.726509, 73.7),
	(55, 193, 23, 140, 45.293959, 11.726009, 75.3),
	(55, 193, 23, 141, 45.29399, 11.725774, 75.8),
	(55, 193, 23, 142, 45.293975, 11.72545, 77.7),
	(55, 193, 23, 143, 45.293934, 11.725073, 79.3),
	(55, 193, 23, 144, 45.293871, 11.724826, 81.9),
	(55, 193, 23, 145, 45.29375, 11.724592, 85.9),
	(55, 193, 23, 146, 45.293617, 11.724293, 85.9),
	(55, 193, 23, 147, 45.293566, 11.72394, 88.1),
	(55, 193, 23, 148, 45.293535, 11.723581, 86.8),
	(55, 193, 23, 149, 45.29347, 11.723321, 87),
	(55, 193, 23, 150, 45.293244, 11.723077, 84.2),
	(55, 193, 23, 151, 45.292947, 11.722857, 84.3),
	(55, 193, 23, 152, 45.292343, 11.722477, 93.3),
	(55, 193, 23, 153, 45.292014, 11.722596, 89.2),
	(55, 193, 23, 154, 45.291702, 11.722737, 87.8),
	(55, 193, 23, 155, 45.291439, 11.722892, 85.6),
	(55, 193, 23, 156, 45.291266, 11.723026, 86),
	(55, 193, 23, 157, 45.290905, 11.723412, 92.9),
	(55, 193, 23, 158, 45.290705, 11.723593, 90.7),
	(55, 193, 23, 159, 45.290572, 11.723773, 91.9),
	(55, 193, 23, 160, 45.290489, 11.724078, 91),
	(55, 193, 23, 161, 45.290489, 11.724078, 91),
	(55, 193, 23, 162, 45.290458, 11.724263, 94.2),
	(55, 193, 23, 163, 45.290473, 11.724476, 95.8),
	(55, 193, 23, 164, 45.290437, 11.72495, 99.6),
	(55, 193, 23, 165, 45.290439, 11.725097, 103),
	(55, 193, 23, 166, 45.290423, 11.72531, 103.1),
	(55, 193, 23, 167, 45.290438, 11.725587, 102.1),
	(55, 193, 23, 168, 45.290354, 11.726094, 112.5),
	(55, 193, 23, 169, 45.290331, 11.726331, 109),
	(55, 193, 23, 170, 45.290266, 11.726564, 114.7),
	(55, 193, 23, 171, 45.290151, 11.726753, 117.7),
	(55, 193, 23, 172, 45.289824, 11.727088, 123.2),
	(55, 193, 23, 173, 45.289602, 11.727081, 132),
	(55, 193, 23, 174, 45.289579, 11.726811, 135.3),
	(55, 193, 23, 175, 45.289468, 11.726551, 138.3),
	(55, 193, 23, 176, 45.289419, 11.726371, 140.5),
	(55, 193, 23, 177, 45.289397, 11.72614, 144.8),
	(55, 193, 23, 178, 45.289181, 11.725632, 150.9),
	(55, 193, 23, 179, 45.289159, 11.725409, 161.2),
	(55, 193, 23, 180, 45.288996, 11.724879, 166.5),
	(55, 193, 23, 181, 45.28894, 11.724574, 174.2),
	(55, 193, 23, 182, 45.288911, 11.724082, 178.3),
	(55, 193, 23, 183, 45.288923, 11.723814, 182.3),
	(55, 193, 23, 184, 45.288964, 11.723446, 183.7),
	(55, 193, 23, 185, 45.288943, 11.723022, 178.6),
	(55, 193, 23, 186, 45.288857, 11.722747, 182.8),
	(55, 193, 23, 187, 45.288319, 11.721444, 173.2),
	(55, 193, 23, 188, 45.288161, 11.721137, 162.5),
	(55, 193, 23, 189, 45.288111, 11.720932, 161.8),
	(55, 193, 23, 190, 45.28809, 11.720781, 166.4),
	(55, 193, 23, 191, 45.287983, 11.720552, 168.1),
	(55, 193, 23, 192, 45.287874, 11.72006, 176.5),
	(55, 193, 23, 193, 45.28777, 11.719816, 174.2),
	(55, 193, 23, 194, 45.28773, 11.719589, 172.8),
	(55, 193, 23, 195, 45.287713, 11.719259, 172.4),
	(55, 193, 23, 196, 45.287613, 11.718935, 174.1),
	(55, 193, 23, 197, 45.287503, 11.71872, 175.7),
	(55, 193, 23, 198, 45.287367, 11.718541, 181.4),
	(55, 193, 23, 199, 45.287279, 11.718238, 182.9),
	(55, 193, 23, 200, 45.28721, 11.718057, 182.6),
	(55, 193, 23, 201, 45.287177, 11.717839, 181.5),
	(55, 193, 23, 202, 45.287169, 11.717602, 184.3),
	(55, 193, 23, 203, 45.287228, 11.717362, 181.2),
	(55, 193, 23, 204, 45.287203, 11.717135, 179.9),
	(55, 193, 23, 205, 45.28723, 11.716891, 186),
	(55, 193, 23, 206, 45.287005, 11.716747, 178),
	(55, 193, 23, 207, 45.286774, 11.716679, 187.8),
	(55, 193, 23, 208, 45.286601, 11.716481, 193.9),
	(55, 193, 23, 209, 45.286589, 11.716197, 196.7),
	(55, 193, 23, 210, 45.286633, 11.71594, 197.6),
	(55, 193, 23, 211, 45.286623, 11.715648, 198.7),
	(55, 193, 23, 212, 45.286591, 11.715431, 200.7),
	(55, 193, 23, 213, 45.286564, 11.715, 201.1),
	(55, 193, 23, 214, 45.286422, 11.714784, 197.4),
	(55, 193, 23, 215, 45.286267, 11.714708, 202),
	(55, 193, 23, 216, 45.286045, 11.714673, 205.3),
	(55, 193, 23, 217, 45.285913, 11.714604, 201.7),
	(55, 193, 23, 218, 45.285819, 11.71451, 202.1),
	(55, 193, 23, 219, 45.285729, 11.714261, 198.6),
	(55, 193, 23, 220, 45.285621, 11.71389, 216),
	(55, 193, 23, 221, 45.285493, 11.713618, 221.1),
	(55, 193, 23, 222, 45.285418, 11.713361, 227.3),
	(55, 193, 23, 223, 45.28529, 11.713249, 231.4),
	(55, 193, 23, 224, 45.285163, 11.713108, 234.3),
	(55, 193, 23, 225, 45.285151, 11.712731, 237.2),
	(55, 193, 23, 226, 45.285109, 11.712398, 239.9),
	(55, 193, 23, 227, 45.285113, 11.711744, 233.5),
	(55, 193, 23, 228, 45.285039, 11.711544, 233.8),
	(55, 193, 23, 229, 45.284914, 11.711334, 238.7),
	(55, 193, 23, 230, 45.284751, 11.710955, 247.3),
	(55, 193, 23, 231, 45.284722, 11.710609, 249.6),
	(55, 193, 23, 232, 45.284722, 11.710421, 255.6),
	(55, 193, 23, 233, 45.284672, 11.710221, 262.7),
	(55, 193, 23, 234, 45.28468, 11.709911, 258.7),
	(55, 193, 23, 235, 45.284732, 11.709666, 253.7),
	(55, 193, 23, 236, 45.28481, 11.709384, 251.1),
	(55, 193, 23, 237, 45.284887, 11.709225, 254.7),
	(55, 193, 23, 238, 45.285204, 11.708757, 252.5),
	(55, 193, 23, 239, 45.285534, 11.7082, 246.6),
	(55, 193, 23, 240, 45.285553, 11.708013, 245.5),
	(55, 193, 23, 241, 45.285376, 11.70797, 247.9),
	(55, 193, 23, 242, 45.28493, 11.708065, 255.4),
	(55, 193, 23, 243, 45.284695, 11.708073, 253.4),
	(55, 193, 23, 244, 45.284506, 11.707959, 260.2),
	(55, 193, 23, 245, 45.284384, 11.707752, 263.2),
	(55, 193, 23, 246, 45.284291, 11.707637, 265.1),
	(55, 193, 23, 247, 45.284183, 11.707418, 274.3),
	(55, 193, 23, 248, 45.284066, 11.707038, 277.4),
	(55, 193, 23, 249, 45.284081, 11.706709, 274.5),
	(55, 193, 23, 250, 45.28414, 11.706491, 272.7),
	(55, 193, 23, 251, 45.284299, 11.706087, 283.8),
	(55, 193, 23, 252, 45.284257, 11.70587, 288.4),
	(55, 193, 23, 253, 45.284139, 11.705845, 286.7),
	(55, 193, 23, 254, 45.283906, 11.705833, 293.1),
	(55, 193, 23, 255, 45.283783, 11.705664, 297.2),
	(55, 193, 23, 256, 45.283601, 11.705502, 298.7),
	(55, 193, 23, 257, 45.28344, 11.705404, 296.3),
	(55, 193, 23, 258, 45.28319, 11.705492, 280.5),
	(55, 193, 23, 259, 45.28303, 11.705457, 280.3),
	(55, 193, 23, 260, 45.283064, 11.705229, 280.5),
	(55, 193, 23, 261, 45.283184, 11.70497, 286.8),
	(55, 193, 23, 262, 45.283232, 11.704749, 290.1),
	(55, 193, 23, 263, 45.283367, 11.704609, 290),
	(55, 193, 23, 264, 45.283367, 11.704609, 290),
	(55, 193, 23, 265, 45.283367, 11.704609, 290),
	(55, 193, 23, 266, 45.283948, 11.704485, 295),
	(55, 193, 23, 267, 45.284323, 11.704449, 296.7),
	(55, 193, 23, 268, 45.284472, 11.704366, 298.4),
	(55, 193, 23, 269, 45.284955, 11.704378, 307),
	(55, 193, 23, 270, 45.285167, 11.704438, 304.3),
	(55, 193, 23, 271, 45.285252, 11.704491, 306.3),
	(55, 193, 23, 272, 45.28538, 11.704539, 308.4),
	(55, 193, 23, 273, 45.28547, 11.704606, 309.4),
	(55, 193, 23, 274, 45.2858, 11.704718, 318),
	(55, 193, 23, 275, 45.2858, 11.704718, 318),
	(55, 193, 23, 276, 45.2858, 11.704718, 318),
	(55, 193, 23, 277, 45.28635, 11.704839, 315.9),
	(55, 193, 23, 278, 45.286543, 11.704901, 311.4),
	(55, 193, 23, 279, 45.286634, 11.704957, 309.9),
	(55, 193, 23, 280, 45.286777, 11.705115, 304.1),
	(55, 193, 23, 281, 45.287073, 11.7055, 310.9),
	(55, 193, 23, 282, 45.287367, 11.705766, 319.9),
	(55, 193, 23, 283, 45.287534, 11.705855, 321.2),
	(55, 193, 23, 284, 45.287782, 11.706149, 324.2),
	(55, 193, 23, 285, 45.287922, 11.70636, 321.7),
	(55, 193, 23, 286, 45.288313, 11.706638, 323),
	(55, 193, 23, 287, 45.288455, 11.706811, 322.4),
	(55, 193, 23, 288, 45.288789, 11.70734, 326.3),
	(55, 193, 23, 289, 45.288917, 11.707576, 324.7),
	(55, 193, 23, 290, 45.28901, 11.707969, 326.5),
	(55, 193, 23, 291, 45.28912, 11.708207, 330.7),
	(55, 193, 23, 292, 45.289238, 11.708275, 328.8),
	(55, 193, 23, 293, 45.289511, 11.708375, 331.8),
	(55, 193, 23, 294, 45.289727, 11.708509, 333.2),
	(55, 193, 23, 295, 45.290011, 11.708541, 340),
	(55, 193, 23, 296, 45.290232, 11.708543, 347.9),
	(55, 193, 23, 297, 45.29043, 11.708419, 347.9),
	(55, 193, 23, 298, 45.29043, 11.708419, 347.9),
	(55, 193, 23, 299, 45.290554, 11.708355, 347.9),
	(55, 193, 23, 300, 45.290554, 11.708355, 347.9),
	(55, 193, 23, 301, 45.290849, 11.708171, 357.9),
	(55, 193, 23, 302, 45.290986, 11.70805, 357.5),
	(55, 193, 23, 303, 45.291243, 11.707921, 359.6),
	(55, 193, 23, 304, 45.291622, 11.707635, 361),
	(55, 193, 23, 305, 45.291839, 11.707603, 358.4),
	(55, 193, 23, 306, 45.292085, 11.707591, 353.4),
	(55, 193, 23, 307, 45.292616, 11.707603, 352.7),
	(55, 193, 23, 308, 45.292932, 11.707647, 354.2),
	(55, 193, 23, 309, 45.293528, 11.707888, 354.4),
	(55, 193, 23, 310, 45.29385, 11.707866, 358.7),
	(55, 193, 23, 311, 45.294063, 11.707762, 361.3),
	(55, 193, 23, 312, 45.294644, 11.707601, 366.6),
	(55, 193, 23, 313, 45.294804, 11.707486, 367.3),
	(55, 193, 23, 314, 45.294947, 11.70747, 365.4),
	(55, 193, 23, 315, 45.29515, 11.707325, 365.1),
	(55, 193, 23, 316, 45.295458, 11.707026, 365.5),
	(55, 193, 23, 317, 45.295535, 11.706889, 367.9),
	(55, 193, 23, 318, 45.295627, 11.706786, 368),
	(55, 193, 23, 319, 45.296028, 11.706602, 366.8),
	(55, 193, 23, 320, 45.296674, 11.706253, 365.3),
	(55, 193, 23, 321, 45.296823, 11.706039, 367.1),
	(55, 193, 23, 322, 45.296923, 11.705843, 366.7),
	(55, 193, 23, 323, 45.297183, 11.705587, 369),
	(55, 193, 23, 324, 45.297404, 11.705529, 365.2),
	(55, 193, 23, 325, 45.297707, 11.705288, 368.8),
	(55, 193, 23, 326, 45.297825, 11.70516, 372),
	(55, 193, 23, 327, 45.297947, 11.70489, 376.5),
	(55, 193, 23, 328, 45.29802, 11.704581, 376),
	(55, 193, 23, 329, 45.29802, 11.704581, 386),
	(55, 193, 23, 330, 45.298545, 11.704185, 386),
	(55, 193, 23, 331, 45.298726, 11.703744, 383.2),
	(55, 193, 23, 332, 45.298823, 11.703276, 381.9),
	(55, 193, 23, 333, 45.299063, 11.702909, 380.7),
	(55, 193, 23, 334, 45.299521, 11.702821, 379.5),
	(55, 193, 23, 335, 45.299902, 11.702832, 377.7),
	(55, 193, 23, 336, 45.300172, 11.702754, 375.9),
	(55, 193, 23, 337, 45.300478, 11.702415, 376.3),
	(55, 193, 23, 338, 45.30063, 11.70213, 381.3),
	(55, 193, 23, 339, 45.300764, 11.701915, 380.4),
	(55, 193, 23, 340, 45.300915, 11.70175, 376.4),
	(55, 193, 23, 341, 45.300991, 11.701505, 372.6),
	(55, 193, 23, 342, 45.301858, 11.701017, 371.9),
	(55, 193, 23, 343, 45.302169, 11.700792, 373.5),
	(55, 193, 23, 344, 45.30244, 11.700304, 376.1),
	(55, 193, 23, 345, 45.302744, 11.700109, 373.3),
	(55, 193, 23, 346, 45.303011, 11.700023, 369.7),
	(55, 193, 23, 347, 45.303322, 11.699629, 359.3),
	(55, 193, 23, 348, 45.303767, 11.699317, 355.1),
	(55, 193, 23, 349, 45.304282, 11.69927, 349),
	(55, 193, 23, 350, 45.304652, 11.698966, 349.9),
	(55, 193, 23, 351, 45.30544, 11.698949, 344.3),
	(55, 193, 23, 352, 45.305583, 11.698777, 339.4),
	(55, 193, 23, 353, 45.305821, 11.698361, 331.2),
	(55, 193, 23, 354, 45.306175, 11.698268, 323.6),
	(55, 193, 23, 355, 45.306385, 11.698263, 317.3),
	(55, 193, 23, 356, 45.306893, 11.69905, 310),
	(55, 193, 23, 357, 45.307365, 11.69963, 305.1),
	(55, 193, 23, 358, 45.307893, 11.700009, 302.8),
	(55, 193, 23, 359, 45.308323, 11.700216, 300.2),
	(55, 193, 23, 360, 45.308745, 11.700345, 299.9),
	(55, 193, 23, 361, 45.309213, 11.700215, 302.1),
	(55, 193, 23, 362, 45.30947, 11.699955, 296.2),
	(55, 193, 23, 363, 45.309817, 11.699799, 302.5),
	(55, 193, 23, 364, 45.309997, 11.699637, 306.7),
	(55, 193, 23, 365, 45.310118, 11.699392, 309.6),
	(55, 193, 23, 366, 45.31015, 11.699196, 310.1),
	(55, 193, 23, 367, 45.310325, 11.69893, 318.1),
	(55, 193, 23, 368, 45.310472, 11.698909, 321.9),
	(55, 193, 23, 369, 45.310629, 11.69898, 322.2),
	(55, 193, 23, 370, 45.31075, 11.699011, 322.9),
	(55, 193, 23, 371, 45.310905, 11.699116, 324.6),
	(55, 193, 23, 372, 45.31103, 11.699264, 324.1),
	(55, 193, 23, 373, 45.311222, 11.699559, 328.1),
	(55, 193, 23, 374, 45.31134, 11.699841, 329.8),
	(55, 193, 23, 375, 45.311567, 11.699879, 336.7),
	(55, 193, 23, 376, 45.311764, 11.699888, 336.2),
	(55, 193, 23, 377, 45.311855, 11.699932, 335.4),
	(55, 193, 23, 378, 45.312182, 11.700028, 332.2),
	(55, 193, 23, 379, 45.312432, 11.699972, 331.7),
	(55, 193, 23, 380, 45.312693, 11.700067, 329.8),
	(55, 193, 23, 381, 45.31296, 11.700264, 330.1),
	(55, 193, 23, 382, 45.313143, 11.700468, 325.9),
	(55, 193, 23, 383, 45.313296, 11.700717, 329.1),
	(55, 193, 23, 384, 45.313429, 11.70114, 334.8),
	(55, 193, 23, 385, 45.313526, 11.701651, 340.8),
	(55, 193, 23, 386, 45.313637, 11.702032, 341.3),
	(55, 193, 23, 387, 45.313808, 11.702039, 343),
	(55, 193, 23, 388, 45.314189, 11.70167, 349.1),
	(55, 193, 23, 389, 45.314385, 11.701554, 350.7),
	(55, 193, 23, 390, 45.314595, 11.701471, 351.7),
	(55, 193, 23, 391, 45.314728, 11.701361, 351.4),
	(55, 193, 23, 392, 45.314945, 11.701236, 350.2),
	(55, 193, 23, 393, 45.315194, 11.701175, 355),
	(55, 193, 23, 394, 45.315553, 11.701119, 357.3),
	(55, 193, 23, 395, 45.316063, 11.701107, 359.7),
	(55, 193, 23, 396, 45.316451, 11.701146, 368.1),
	(55, 193, 23, 397, 45.316734, 11.701072, 370.3),
	(55, 193, 23, 398, 45.316868, 11.701063, 364.4),
	(55, 193, 23, 399, 45.31701, 11.701007, 371.2),
	(55, 193, 23, 400, 45.317572, 11.700862, 378.7),
	(55, 193, 23, 401, 45.317773, 11.700733, 384.2),
	(55, 193, 23, 402, 45.317889, 11.70059, 389.9),
	(55, 193, 23, 403, 45.318036, 11.700547, 384.7),
	(55, 193, 23, 404, 45.318217, 11.700615, 384.4),
	(55, 193, 23, 405, 45.318318, 11.700744, 383.3),
	(55, 193, 23, 406, 45.318468, 11.700991, 386.4),
	(55, 193, 23, 407, 45.318457, 11.70131, 394.4),
	(55, 193, 23, 408, 45.318385, 11.701561, 397.3),
	(55, 193, 23, 409, 45.318355, 11.701931, 397),
	(55, 193, 23, 410, 45.318355, 11.701931, 397),
	(55, 193, 23, 411, 45.318586, 11.702208, 399.3),
	(55, 193, 23, 412, 45.318893, 11.701844, 398.2),
	(55, 193, 23, 413, 45.319206, 11.701365, 391.8),
	(55, 193, 23, 414, 45.319391, 11.70127, 388.4),
	(55, 193, 23, 415, 45.319288, 11.701932, 377.1),
	(55, 193, 23, 416, 45.319127, 11.702646, 375.6),
	(55, 193, 23, 417, 45.318942, 11.703148, 370.9),
	(55, 193, 23, 418, 45.318926, 11.703449, 367.5),
	(55, 193, 23, 419, 45.319128, 11.703111, 360.9),
	(55, 193, 23, 420, 45.319336, 11.702675, 357.1),
	(55, 193, 23, 421, 45.319553, 11.702673, 356.8),
	(55, 193, 23, 422, 45.319428, 11.703193, 356),
	(55, 193, 23, 423, 45.318944, 11.704367, 353.6),
	(55, 193, 23, 424, 45.319038, 11.705343, 345.3),
	(55, 193, 23, 425, 45.31897, 11.706088, 338.3),
	(55, 193, 23, 426, 45.319314, 11.706198, 332.7),
	(55, 193, 23, 427, 45.319686, 11.705734, 322.6),
	(55, 193, 23, 428, 45.319955, 11.70608, 314.9),
	(55, 193, 23, 429, 45.319934, 11.706803, 309.3),
	(55, 193, 23, 430, 45.320151, 11.707593, 297.2),
	(55, 193, 23, 431, 45.320444, 11.708006, 299.4),
	(55, 193, 23, 432, 45.320784, 11.708185, 298.8),
	(55, 193, 23, 433, 45.320953, 11.707933, 294.9),
	(55, 193, 23, 434, 45.321135, 11.707421, 288.9),
	(55, 193, 23, 435, 45.32154, 11.707093, 279.2),
	(55, 193, 23, 436, 45.322224, 11.706831, 271.5),
	(55, 193, 23, 437, 45.322644, 11.706473, 268.5),
	(55, 193, 23, 438, 45.323133, 11.705776, 260.4),
	(55, 193, 23, 439, 45.323641, 11.705881, 259.1),
	(55, 193, 23, 440, 45.324145, 11.705834, 255.6),
	(55, 193, 23, 441, 45.324431, 11.705787, 251.9),
	(55, 193, 23, 442, 45.324671, 11.70599, 248.4),
	(55, 193, 23, 443, 45.324933, 11.706062, 245.4),
	(55, 193, 23, 444, 45.325307, 11.706122, 244.8),
	(55, 193, 23, 445, 45.325709, 11.706696, 237.5),
	(55, 193, 23, 446, 45.325813, 11.707007, 234.3),
	(55, 193, 23, 447, 45.325846, 11.707832, 223.7),
	(55, 193, 23, 448, 45.32607, 11.708452, 218.6),
	(55, 193, 23, 449, 45.326152, 11.709233, 212.3),
	(55, 193, 23, 450, 45.326064, 11.709951, 208.2),
	(55, 193, 23, 451, 45.326227, 11.710354, 207.8),
	(55, 193, 23, 452, 45.3266, 11.710581, 204.4),
	(55, 193, 23, 453, 45.326825, 11.711208, 201.1),
	(55, 193, 23, 454, 45.327157, 11.711934, 194.3),
	(55, 193, 23, 455, 45.327504, 11.712776, 194.2),
	(55, 193, 23, 456, 45.32776, 11.713635, 190.5),
	(55, 193, 23, 457, 45.328188, 11.71427, 188.1),
	(55, 193, 23, 458, 45.328461, 11.715209, 183.3),
	(55, 193, 23, 459, 45.328225, 11.715988, 176.3),
	(55, 193, 23, 460, 45.32797, 11.716944, 169.8),
	(55, 193, 23, 461, 45.327801, 11.717352, 168.2),
	(55, 193, 23, 462, 45.327507, 11.717971, 163.7),
	(55, 193, 23, 463, 45.327715, 11.718028, 163.6),
	(55, 193, 23, 464, 45.327874, 11.717594, 159),
	(55, 193, 23, 465, 45.328301, 11.7171, 155.1),
	(55, 193, 23, 466, 45.328706, 11.716452, 149.1),
	(55, 193, 23, 467, 45.329085, 11.716161, 147.1),
	(55, 193, 23, 468, 45.329584, 11.7155, 143.9),
	(55, 193, 23, 469, 45.329935, 11.714812, 138.9),
	(55, 193, 23, 470, 45.330197, 11.714161, 131.9),
	(55, 193, 23, 471, 45.330552, 11.713921, 126.6),
	(55, 193, 23, 472, 45.331103, 11.714825, 116.6),
	(55, 193, 23, 473, 45.3315, 11.714374, 111.2),
	(55, 193, 23, 474, 45.331799, 11.714101, 107.2),
	(771990813, 193, 43, 1, 63.69759281625321, 60.42018231517755, 2521.646174767537),
	(771990813, 193, 43, 2, 53.3594413751006, 81.10158589658316, 2356.29595560296),
	(771990813, 193, 43, 3, 67.11564882695453, 41.439731622675346, 231.52238589121322),
	(771990813, 193, 43, 4, 66.32345736830622, 75.1329297691175, 1140.8582566608177),
	(771990813, 193, 43, 5, 77.19009616488552, 12.595173805578558, 729.9272679255391),
	(771990813, 193, 43, 6, 54.168672433897086, 43.01697978444284, 1514.014791225167),
	(771990813, 193, 43, 7, 19.131193096209444, 10.46665115537427, 202.97340513608486),
	(771990813, 193, 43, 8, 74.82128060805675, 9.42249926688578, 32.231847695243786),
	(771990813, 193, 43, 9, 23.70142899567285, 64.82322723258068, 2315.5991109408483),
	(771990813, 193, 43, 10, 36.87346619043314, 46.85850719113445, 2418.2317952168223),
	(771990813, 193, 43, 11, 80.43805040967229, 18.372750211986247, 686.3175206593254),
	(771990813, 193, 43, 12, 30.809602058297035, 49.23159033110734, 867.4943181310827),
	(771990813, 193, 43, 13, 40.289515211020166, 70.67103548161758, 905.0039442145412),
	(771990813, 193, 43, 14, 59.354966796801186, 4.642390416936775, 2443.2844790739946),
	(771990813, 193, 43, 15, 5.971096967771491, 78.29627377521669, 2890.007605930903),
	(771990813, 193, 43, 16, 47.62173666107869, 71.73943952827122, 1300.2795073382201),
	(771990813, 193, 43, 17, 40.29264792340753, 66.29505651605653, 8.561365600492476),
	(771990813, 193, 43, 18, 41.09788833189789, 51.100872453643944, 1777.3571324605036),
	(771990813, 193, 43, 19, 72.26517971790757, 46.636249085624016, 2488.786353979123),
	(771990813, 193, 43, 20, 18.333464375185045, 57.19374602289394, 1356.77002625652),
	(771990813, 193, 43, 21, 40.623460793067615, 38.04347255100625, 79.2626491069518),
	(771990813, 193, 43, 22, 32.960991730300265, 53.35722966350055, 1130.0230581977353),
	(771990813, 193, 43, 23, 16.619836986855226, 53.46045178230039, 2901.5073584193287),
	(771990813, 193, 43, 24, 83.34328306208054, 60.38060247862125, 1094.3914077855095),
	(771990813, 193, 43, 25, 24.958990385089596, 74.96378344432019, 2782.9632150044),
	(771990813, 193, 43, 26, 37.33161601699356, 2.6984314967128, 2040.6334807998999),
	(771990813, 193, 43, 27, 6.529447314624108, 83.92386838901021, 2045.456631065329),
	(771990813, 193, 43, 28, 61.16422096275247, 16.55571347693002, 1871.1445182740672),
	(771990813, 193, 43, 29, 29.700387012375124, 14.468392708213027, 88.42143169561645),
	(771990813, 193, 43, 30, 3.5252392691296808, 71.44708624009145, 353.94401211606095),
	(771990813, 193, 43, 31, 7.744606393825886, 84.73685143633645, 2103.5792789505017),
	(771990813, 193, 43, 32, 73.61563765916105, 69.42282603314888, 1320.1091186557774),
	(771990813, 193, 43, 33, 34.724914497400036, 7.663145637461833, 2592.759544267489),
	(771990813, 193, 43, 34, 45.488956795727766, 71.90208681120365, 2961.7673720916005),
	(771990813, 193, 43, 35, 21.233806673593595, 75.32537055962807, 2734.0547507091565),
	(771990813, 193, 43, 36, 72.67011065350965, 18.72328663177403, 2058.7852713591365),
	(771990813, 193, 43, 37, 6.52209338642945, 85.88344234917722, 673.0973779863956),
	(771990813, 193, 43, 38, 70.64625768439413, 71.98440959395339, 1880.0589965126833),
	(771990813, 193, 43, 39, 79.55953112469703, 5.40505438223898, 700.0120471476823),
	(771990813, 193, 43, 40, 3.7953884411907444, 36.91463886563135, 2450.4082599349467),
	(771990813, 193, 43, 41, 73.4476907027489, 44.067353517636455, 496.41479516830947),
	(771990813, 193, 43, 42, 67.20263119488109, 11.37798573847194, 1009.7232670366334),
	(771990813, 193, 43, 43, 71.63718177922507, 55.24193955734937, 1175.008056548674),
	(771990813, 193, 43, 44, 25.970142367197013, 14.416869568211585, 1797.3466546263523),
	(771990813, 193, 43, 45, 49.61657604044634, 76.5462519278784, 2480.6820485855933),
	(771990813, 193, 43, 46, 41.99390437830457, 61.819733450304355, 1782.1768389860868),
	(771990813, 193, 43, 47, 6.412470288831138, 68.32333404097628, 41.18581233652807),
	(771990813, 193, 43, 48, 48.29540541243039, 73.75672330640323, 22.001531729534452),
	(771990813, 193, 43, 49, 4.878655935063327, 85.66366411796031, 1533.440906198704),
	(771990813, 193, 43, 50, 34.80075145122486, 13.355647514268066, 865.944936992442),
	(880980157, 193, 43, 1, 24.057753837815447, 31.688615007379774, 2756.143205579704),
	(880980157, 193, 43, 2, 30.512025480481466, 60.04061882346253, 824.3344630107899),
	(880980157, 193, 43, 3, 89.32034082416645, 68.02962808763434, 2185.7144309622927),
	(880980157, 193, 43, 4, 20.75697603377229, 27.750963090983756, 192.9511746684236),
	(880980157, 193, 43, 5, 61.333889413104714, 39.88495171148939, 2556.969456002263),
	(880980157, 193, 43, 6, 85.8623095951102, 19.809137339929745, 1078.801916914859),
	(880980157, 193, 43, 7, 43.27402943249646, 12.295688850457218, 2728.688364342983),
	(880980157, 193, 43, 8, 66.53161361458045, 5.286798801842149, 1406.0385915881154),
	(880980157, 193, 43, 9, 87.88312379690535, 57.82786826506521, 824.4464647023242),
	(880980157, 193, 43, 10, 57.89848327103389, 79.77914297782867, 1460.283215605617),
	(880980157, 193, 43, 11, 84.65725824191128, 72.85273973782981, 2428.1044919020683),
	(880980157, 193, 43, 12, 72.03123833960211, 7.846201849810738, 2751.651696271518),
	(880980157, 193, 43, 13, 88.01304120427751, 41.49151577931734, 707.6281709459247),
	(880980157, 193, 43, 14, 23.49956909530728, 44.33084036658113, 2403.513094377796),
	(880980157, 193, 43, 15, 28.276416444529012, 13.821072606940247, 240.5268869087156),
	(880980157, 193, 43, 16, 77.33777612340792, 44.13277040921714, 2447.9161524801834),
	(880980157, 193, 43, 17, 35.46259440825574, 46.04696074880403, 1915.2058647034182),
	(880980157, 193, 43, 18, 26.96229358969628, 1.221228000791832, 2930.5765690696535),
	(880980157, 193, 43, 19, 89.83860896889713, 32.92184597086995, 1799.6351084093487),
	(880980157, 193, 43, 20, 85.95086199153943, 46.58619633495728, 1316.754178643085),
	(880980157, 193, 43, 21, 69.31319593611897, 27.08057356645519, 2509.6547179389318),
	(880980157, 193, 43, 22, 13.417701496425757, 19.589789534943577, 2947.682798975154),
	(880980157, 193, 43, 23, 67.72773430677738, 81.36404616948336, 2527.1405084307753),
	(880980157, 193, 43, 24, 60.96833663200838, 5.639693597462316, 2083.9476270100477),
	(880980157, 193, 43, 25, 67.13267016547451, 17.750849642920688, 1384.1426380290495),
	(880980157, 193, 43, 26, 0.8094716717822159, 23.394960884880515, 136.04495121219185),
	(908193092, 193, 43, 1, 44.1771647436965, 87.29169583214504, 2419.9296921741357),
	(908193092, 193, 43, 2, 89.95894092701248, 1.4257817762503289, 385.4351148692965),
	(908193092, 193, 43, 3, 60.80073435175728, 53.64619422434835, 2392.8758741242796),
	(908193092, 193, 43, 4, 28.78080335597095, 85.73907543736702, 693.1992217726706),
	(908193092, 193, 43, 5, 59.84051661332619, 31.38876456972145, 344.10264533420343),
	(908193092, 193, 43, 6, 64.72946268134709, 79.19147844094645, 1245.5458371967509),
	(908193092, 193, 43, 7, 36.07652932890688, 0.27191656315537993, 490.5402450064843),
	(908193092, 193, 43, 8, 29.583129848424083, 46.427111456498835, 111.70123959638056),
	(908193092, 193, 43, 9, 72.77724284315916, 82.15863473231951, 1273.681067999751),
	(908193092, 193, 43, 10, 24.620261358435382, 33.69754777583907, 1509.757232516472),
	(908193092, 193, 43, 11, 70.56823696463125, 27.827605588422173, 1973.3695652857157),
	(908193092, 193, 43, 12, 58.588908501317896, 89.12159005350034, 306.00227310010575),
	(908193092, 193, 43, 13, 62.292841624251814, 10.611050446583931, 955.742556633374),
	(908193092, 193, 43, 14, 85.2309785516083, 66.68654520240305, 1066.8775293854394),
	(908193092, 193, 43, 15, 13.892536854068972, 60.55723562840748, 1148.4874950909305),
	(908193092, 193, 43, 16, 65.05479378395853, 72.39891875302936, 2709.05604620188),
	(908193092, 193, 43, 17, 31.227655549706917, 1.665754548523769, 444.50597561779625),
	(908193092, 193, 43, 18, 75.33871269476987, 22.041994754993667, 427.88929443585664),
	(908193092, 193, 43, 19, 57.073290954287415, 63.85654570984355, 412.41329107161215),
	(908193092, 193, 43, 20, 27.615762087519276, 64.80835312692591, 287.3132038844128),
	(908193092, 193, 43, 21, 36.35334154448853, 34.751078535112015, 2629.941002429252),
	(908193092, 193, 43, 22, 51.03033226432999, 20.67292362059665, 144.10712912923708),
	(908193092, 193, 43, 23, 1.7397378677996622, 55.37431075668555, 1447.8521479480858),
	(908193092, 193, 43, 24, 66.87934404656663, 53.6288045644544, 2742.963460530108),
	(908193092, 193, 43, 25, 13.456078504236835, 74.3209208756778, 2827.89146612076),
	(908193092, 193, 43, 26, 2.0727959845909547, 6.611164858373627, 1401.084161984807),
	(908193092, 193, 43, 27, 29.04662404067707, 21.663709412302385, 2235.40996952666),
	(908193092, 193, 43, 28, 56.55159298802044, 52.22359451062106, 1496.3003505558272),
	(908193092, 193, 43, 29, 39.716433956367226, 4.14444882356925, 1691.0229240294607),
	(908193092, 193, 43, 30, 50.27837344191804, 66.9085172347144, 2731.5844262944715),
	(908193092, 193, 43, 31, 16.194617122939047, 50.6661030494518, 1831.5456050489317),
	(908193092, 193, 43, 32, 22.028632703891734, 31.831169731495336, 1926.0420357425885),
	(908193092, 193, 43, 33, 57.8417477566095, 72.272762974309, 332.2210942113747),
	(908193092, 193, 43, 34, 30.01082881317211, 71.53363816624056, 872.7175934607598),
	(908193092, 193, 43, 35, 6.496862492687971, 41.06708028107763, 2547.9858400448734),
	(908193092, 193, 43, 36, 73.73501548920014, 72.81650971351787, 2338.4943686981856),
	(908193092, 193, 43, 37, 4.9966083034902855, 18.200819658747022, 1676.8337442957468),
	(908193092, 193, 43, 38, 7.363948841709228, 62.706030704754355, 1010.3804815347179),
	(908193092, 193, 43, 39, 51.99589914390309, 3.5015073068211455, 152.11274427399334),
	(908193092, 193, 43, 40, 76.93908648532253, 51.878826024186004, 2466.8975788015073),
	(908193092, 193, 43, 41, 47.19191178082617, 44.728645154979866, 1700.7031919823266),
	(908193092, 193, 43, 42, 56.36115280537192, 26.201964028708957, 864.9379542610684),
	(908193092, 193, 43, 43, 85.299406002449, 67.72654489787492, 329.6602270864314),
	(908193092, 193, 43, 44, 52.90086860332454, 33.05171595893081, 920.9691073229327),
	(908193092, 193, 43, 45, 76.96853007102946, 12.536027705667252, 2694.30296305811),
	(908193092, 193, 43, 46, 10.40192868173055, 2.2919164646594226, 644.885654329095),
	(908193092, 193, 43, 47, 64.93609910748577, 30.997703326556284, 1744.9035147770007),
	(908193092, 193, 43, 48, 88.64782609050506, 33.56108942798345, 2278.8492978729914),
	(908193092, 193, 43, 49, 6.1673981654190495, 59.127998924941146, 1329.3344212255327),
	(908193092, 193, 43, 50, 13.692239733505668, 7.160951187307013, 1493.5902468140582),
	(908193092, 193, 43, 51, 67.02500890812644, 18.72537725214654, 373.83361995730155),
	(908193092, 193, 43, 52, 72.71313212609917, 65.88991677150187, 1738.4504010582596),
	(908193092, 193, 43, 53, 87.69131261368837, 19.115881473499957, 2154.1356100465246),
	(908193092, 193, 43, 54, 20.32547357083102, 71.15381574973645, 343.83820372011155),
	(908193092, 193, 43, 55, 33.1678216225346, 63.67193404571556, 1812.2649868927874),
	(908193092, 193, 43, 56, 48.53697439349902, 8.549201109937334, 2645.179672877299),
	(908193092, 193, 43, 57, 78.25635712439312, 49.45578719896731, 2693.835523640695),
	(908193092, 193, 43, 58, 54.72587300394896, 84.44847962171184, 1434.22684118582),
	(908193092, 193, 43, 59, 56.380715616290665, 34.014880047514616, 640.5474354135125),
	(1292926029, 193, 43, 1, 24.18488504741264, 36.55563598073182, 698.9936060248806),
	(1292926029, 193, 43, 2, 70.32401311510982, 34.279698095066124, 277.01079276658027),
	(1292926029, 193, 43, 3, 53.19703219900767, 77.80961229733451, 2346.853368487173),
	(1292926029, 193, 43, 4, 60.95364409341333, 62.99095288144531, 510.348570178377),
	(1292926029, 193, 43, 5, 67.22230372426628, 73.05619329132482, 1855.172477128021),
	(1292926029, 193, 43, 6, 3.031375596145688, 64.00820827478978, 117.8068650937415),
	(1292926029, 193, 43, 7, 39.935576240011436, 87.88082274303116, 0.5279041496558667),
	(1292926029, 193, 43, 8, 83.09777530429116, 15.304622352310126, 251.08918260150136),
	(1292926029, 193, 43, 9, 35.630153441586955, 45.269697924312986, 966.3616045645667),
	(1292926029, 193, 43, 10, 69.84689893067343, 82.64950449793594, 917.3161748977208),
	(1292926029, 193, 43, 11, 71.22228875104064, 6.383333299702977, 463.74179391729353),
	(1292926029, 193, 43, 12, 48.134234855751714, 11.850876101267916, 501.93444127952233),
	(1292926029, 193, 43, 13, 26.407590516083708, 83.5646042083481, 1965.657722692861),
	(1292926029, 193, 43, 14, 82.84997321139097, 52.46577061379376, 99.1630680890866),
	(1292926029, 193, 43, 15, 20.26814936540435, 46.16071869454198, 2211.094347367481),
	(1292926029, 193, 43, 16, 3.040154777424049, 35.74572468425729, 2834.5311351286678),
	(1292926029, 193, 43, 17, 71.65887683740365, 7.678953563791518, 940.2030873486741),
	(1292926029, 193, 43, 18, 37.34228816929195, 39.34696973634669, 2027.3203425592749),
	(1292926029, 193, 43, 19, 8.417611578168684, 62.070641586366705, 380.60217328721023),
	(1292926029, 193, 43, 20, 76.736419870423, 83.46201213096613, 308.0485410340723),
	(1292926029, 193, 43, 21, 44.31439950574178, 33.48655359025676, 1914.3802118208177),
	(1292926029, 193, 43, 22, 7.856051045670018, 0.09571916244483836, 2399.1441777509376),
	(1292926029, 193, 43, 23, 88.86596719168546, 17.429773476496663, 529.0213725145475),
	(1292926029, 193, 43, 24, 81.94130893413912, 67.71924582070262, 2991.140273399069),
	(1292926029, 193, 43, 25, 37.446524794276215, 84.86198677422453, 2228.1793246132047),
	(1292926029, 193, 43, 26, 8.760091734142357, 45.920148573799636, 2995.728747455403),
	(1292926029, 193, 43, 27, 24.56403224339194, 64.28887237162348, 1912.4859156433672),
	(1292926029, 193, 43, 28, 10.736724392287154, 63.01828218379933, 1148.49345817301),
	(1292926029, 193, 43, 29, 10.979934801717796, 34.84159054911761, 2514.6337252929134),
	(1292926029, 193, 43, 30, 16.911452538631924, 51.081848154024776, 813.5973933476777),
	(1292926029, 193, 43, 31, 5.026368287378327, 74.52668217616093, 2331.475948225909),
	(1579533602, 193, 43, 1, 39.597061650705776, 85.23003993597695, 1794.820164237205),
	(1579533602, 193, 43, 2, 46.48138874664268, 8.889762593621091, 615.9158367243331),
	(1579533602, 193, 43, 3, 19.68802062500356, 25.78551731352001, 2761.9137639177243),
	(1579533602, 193, 43, 4, 58.7734657437919, 29.306139991252262, 2183.396528750508),
	(1579533602, 193, 43, 5, 67.97531062755124, 62.50739772418521, 1646.416455124861),
	(1579533602, 193, 43, 6, 61.095240687769, 67.62234264604842, 2267.539459947242),
	(1579533602, 193, 43, 7, 15.65355899744653, 6.71225762792484, 674.7038078704176),
	(1579533602, 193, 43, 8, 67.55329288253871, 33.79229401307244, 1755.592357277961),
	(1579533602, 193, 43, 9, 77.63747833667647, 29.327804644194394, 321.21924887681575),
	(1579533602, 193, 43, 10, 30.154925610895912, 31.008551668835636, 572.9125560827051),
	(1579533602, 193, 43, 11, 38.25032095929076, 62.40534049032252, 1836.9695173831042),
	(1579533602, 193, 43, 12, 37.984536424817684, 8.717934937596414, 2107.6886338729364),
	(1579533602, 193, 43, 13, 39.59342683671734, 55.28437148634798, 307.78325524472206),
	(1579533602, 193, 43, 14, 60.02131362354574, 72.32943163190694, 16.411179572718424),
	(1579533602, 193, 43, 15, 83.87119060944525, 83.26680159062983, 2344.246452547502),
	(1579533602, 193, 43, 16, 75.68213480831257, 2.9542337256427578, 2725.9113313273565),
	(1579533602, 193, 43, 17, 61.177835191345096, 77.8556445022172, 1558.2843287738492),
	(1579533602, 193, 43, 18, 5.7613898852333, 59.99291435201538, 748.2205573539536),
	(1579533602, 193, 43, 19, 54.79550934412499, 83.84437294529849, 1734.2724945716063),
	(1579533602, 193, 43, 20, 17.44974429505696, 52.86534113826242, 1217.578684173081),
	(1579533602, 193, 43, 21, 42.95483908826273, 45.93759230856483, 1300.2261779624248),
	(1579533602, 193, 43, 22, 43.40927260502592, 4.507678013215262, 1573.2280925122468),
	(1579533602, 193, 43, 23, 74.035294986348, 40.90913664552114, 2433.84836836147),
	(1579533602, 193, 43, 24, 11.636279978139513, 36.41654699514839, 994.4926854156485),
	(1579533602, 193, 43, 25, 21.118772040206835, 78.45076276350406, 2847.723267863745),
	(1579533602, 193, 43, 26, 1.9699143709016242, 16.985062222322576, 2930.8195696859975),
	(1585225018, 193, 43, 1, 18.708820509520944, 59.975002173532594, 960.3442704836278),
	(1585225018, 193, 43, 2, 30.70582014404795, 88.67338271553308, 2791.4631457060527),
	(1585225018, 193, 43, 3, 17.34913038504535, 87.60309121590413, 443.4517407364095),
	(1585225018, 193, 43, 4, 63.99139248326548, 10.682187264969208, 119.39861681064146),
	(1585225018, 193, 43, 5, 59.91164954423299, 73.26804836358868, 2604.829510774626),
	(1585225018, 193, 43, 6, 13.458568968133145, 56.45082415183243, 1545.742157461963),
	(1585225018, 193, 43, 7, 64.49516776427792, 43.590317643613744, 1197.10648717273),
	(1585225018, 193, 43, 8, 72.58747210951, 33.88742757251261, 1048.6952754497024),
	(1585225018, 193, 43, 9, 3.616540090843806, 80.5728859552104, 1709.347465121303),
	(1585225018, 193, 43, 10, 55.81493969265496, 55.521834362205354, 2010.5010990684286),
	(1585225018, 193, 43, 11, 76.98740132604135, 39.35605644226143, 881.9872567873949),
	(1585225018, 193, 43, 12, 26.908032368345253, 68.0382103310917, 414.4422444182838),
	(1585225018, 193, 43, 13, 88.43243647850109, 77.77216360246607, 2588.858138487365),
	(1585225018, 193, 43, 14, 77.97590792929165, 32.400035961517304, 864.0121977835456),
	(1585225018, 193, 43, 15, 63.38116215732318, 44.999236179871076, 261.30695228837084),
	(1585225018, 193, 43, 16, 37.30574106949763, 63.214846958897446, 1853.1168090569347),
	(1585225018, 193, 43, 17, 65.92613131650853, 19.179872359221697, 2450.6657817669543),
	(1585225018, 193, 43, 18, 29.588947277048035, 46.42719320285458, 910.8300729090253),
	(1585225018, 193, 43, 19, 23.886098025934498, 79.25787979887991, 214.54300431774988),
	(1585225018, 193, 43, 20, 65.58889617312703, 12.79955309825714, 922.0591207207387),
	(1647168709, 193, 43, 1, 61.9383495890269, 28.034295520445557, 2088.4248813723457),
	(1647168709, 193, 43, 2, 4.926945380122433, 77.35955865078158, 2232.0936645302313),
	(1647168709, 193, 43, 3, 21.859111243966584, 7.5356681429988805, 2911.8862468519874),
	(1647168709, 193, 43, 4, 43.50856498557886, 26.787049766215596, 1694.9636783126323),
	(1647168709, 193, 43, 5, 73.06557346616225, 35.12692043958413, 2275.5195483403522),
	(1647168709, 193, 43, 6, 49.47777797607513, 35.13775038846355, 2518.2684956110493),
	(1647168709, 193, 43, 7, 69.66546052084843, 22.09249455033632, 1237.6563733530916),
	(1647168709, 193, 43, 8, 54.767313229582896, 30.742864791553945, 1007.2692254602198),
	(1647168709, 193, 43, 9, 84.03237646957635, 17.486440367372644, 2461.605693073747),
	(1647168709, 193, 43, 10, 39.83203864998514, 41.74910870296835, 1880.8579727992098),
	(1647168709, 193, 43, 11, 47.68322317124144, 73.73554874832259, 895.6136454243604),
	(1647168709, 193, 43, 12, 6.574378457785393, 58.819866496160124, 1558.6422396849546),
	(1647168709, 193, 43, 13, 75.93527263093401, 53.767637029217084, 1961.9390127384822),
	(1647168709, 193, 43, 14, 16.423526152559866, 56.26452257455368, 1267.0318314577084),
	(1647168709, 193, 43, 15, 53.635074519547, 8.334920436002896, 2215.171628282441),
	(1647168709, 193, 43, 16, 60.137057218723676, 83.05342709982821, 80.01652893240862),
	(1647168709, 193, 43, 17, 83.20040813053808, 79.9133023499305, 1530.2697263078705),
	(1647168709, 193, 43, 18, 74.85856728686319, 46.64410102384209, 119.30259655778663),
	(1647168709, 193, 43, 19, 15.62093139684665, 83.1610423975452, 368.36671843940593),
	(1647168709, 193, 43, 20, 56.84865112304705, 15.014699287671846, 437.6433078678393),
	(1647168709, 193, 43, 21, 16.22216607805157, 49.47429406909283, 913.2295499135657),
	(1647168709, 193, 43, 22, 73.1518696746364, 47.51181921276374, 684.2888417873361),
	(1647168709, 193, 43, 23, 32.203063452696625, 30.544485760361006, 1244.0381711076875),
	(1647168709, 193, 43, 24, 25.554198236942675, 59.99916853021805, 498.31258872440566),
	(1647168709, 193, 43, 25, 57.23686916447435, 0.5787460684748791, 2343.7083603228125),
	(1647168709, 193, 43, 26, 44.067636415885985, 58.08797077030165, 2779.3849253284748),
	(1647168709, 193, 43, 27, 89.5837390771419, 66.39524692597813, 511.06341774951045),
	(1647168709, 193, 43, 28, 0.9515317003306989, 78.32597777366117, 2164.3914525427144),
	(1647168709, 193, 43, 29, 83.9480517849209, 61.22599303921513, 1539.2210539699345),
	(1647168709, 193, 43, 30, 89.70526019559367, 67.5996088297995, 2158.850945557682),
	(1647168709, 193, 43, 31, 25.64730312387877, 67.0429682286547, 1014.6516940063776),
	(1647168709, 193, 43, 32, 4.407509859294608, 20.038235472005603, 1000.731173275561),
	(1647168709, 193, 43, 33, 34.74299291499304, 64.92721843043634, 1585.3896533149768),
	(1647168709, 193, 43, 34, 13.923026457788366, 76.44498288896477, 1070.4316034184785),
	(1647168709, 193, 43, 35, 23.156668891115448, 22.050003776862802, 1887.8660988602815),
	(1647168709, 193, 43, 36, 52.18449232187868, 26.020414422474595, 422.9331900351313),
	(1647168709, 193, 43, 37, 89.93789849011011, 14.190814302088326, 2709.4979519783265),
	(1647168709, 193, 43, 38, 68.08598230518155, 14.39463626736338, 1371.0614972838432),
	(1647168709, 193, 43, 39, 25.832107543132686, 58.41796194847821, 1980.1974172802097),
	(1647168709, 193, 43, 40, 65.52515494495024, 12.95778833247475, 1358.7552879349778),
	(1647168709, 193, 43, 41, 16.126351805533513, 84.44434495854703, 2818.2913844943528),
	(1647168709, 193, 43, 42, 64.76168967170669, 2.353777981135041, 396.97438571189167),
	(1647168709, 193, 43, 43, 65.6225455311667, 7.800236187324448, 549.4065536065589),
	(1777978959, 193, 43, 1, 66.14537524382875, 40.91183110137244, 404.1026968672313),
	(1777978959, 193, 43, 2, 43.42452742499956, 80.7224415097846, 306.30023949692986),
	(1777978959, 193, 43, 3, 59.13511666931962, 81.89048811247976, 2108.774510735965),
	(1777978959, 193, 43, 4, 13.815469215579718, 52.48535630401429, 364.25829615489323),
	(1777978959, 193, 43, 5, 47.248774296174226, 4.803908216603974, 304.1055399180281),
	(1777978959, 193, 43, 6, 22.109291721300092, 39.81463773747166, 1507.4419538453124),
	(1777978959, 193, 43, 7, 5.51944873050409, 80.96038137126915, 1022.7261326230874),
	(1777978959, 193, 43, 8, 40.04574698913563, 86.68365396968322, 296.1192877461033),
	(1777978959, 193, 43, 9, 78.8122319104868, 2.9933286013330074, 74.29403359255504),
	(1777978959, 193, 43, 10, 39.44518546807007, 2.1810065953578492, 2490.591603053999),
	(1777978959, 193, 43, 11, 39.44235817449986, 0.12205366741405266, 945.0027838826453),
	(1777978959, 193, 43, 12, 52.654910769987744, 10.541911156616328, 230.18849476439874),
	(1777978959, 193, 43, 13, 44.00924495631126, 21.055408401376003, 509.489881287456),
	(1777978959, 193, 43, 14, 52.46272146678305, 71.72194026962836, 244.05295920312597),
	(1777978959, 193, 43, 15, 82.279082378175, 74.05544102016442, 464.8283476363577),
	(1777978959, 193, 43, 16, 15.545376188835752, 89.92631601981269, 1907.7032976864896),
	(1777978959, 193, 43, 17, 36.13086164982477, 69.54240824601916, 2624.4898515633945),
	(1777978959, 193, 43, 18, 41.308713796285204, 27.726912159974518, 1898.6298670386702),
	(1777978959, 193, 43, 19, 84.97769732968968, 19.557836654496427, 143.44122199724717),
	(1777978959, 193, 43, 20, 82.90976576159056, 39.88917142672282, 1331.6658858961953),
	(1777978959, 193, 43, 21, 15.260429390032511, 61.68668405544276, 391.4033798994132),
	(1777978959, 193, 43, 22, 45.40669431870785, 34.02568588352589, 2845.6082239008106),
	(1777978959, 193, 43, 23, 39.11929080678209, 26.377796011144927, 786.1922285889883),
	(1777978959, 193, 43, 24, 20.458013998917156, 5.204711025783451, 1607.126094306629),
	(1777978959, 193, 43, 25, 44.36593471554102, 11.13507320384555, 2919.8942305945593),
	(1777978959, 193, 43, 26, 19.569380565674987, 13.103413679816672, 1697.2802537345322),
	(1777978959, 193, 43, 27, 26.730195152034305, 31.585863978818495, 2672.4501010483455),
	(1777978959, 193, 43, 28, 3.2278772529392983, 1.2119048535823318, 1518.8718464000772),
	(1777978959, 193, 43, 29, 84.89096241638622, 62.58311746662709, 1552.6600286234075),
	(1777978959, 193, 43, 30, 14.203239368001821, 29.967441681871254, 817.9702567449013),
	(1777978959, 193, 43, 31, 47.24911480854046, 57.325362038258554, 2729.635757555572),
	(1777978959, 193, 43, 32, 20.74260286949462, 36.21647645242742, 2467.2357304372877),
	(1777978959, 193, 43, 33, 63.313718453170615, 75.92229122894221, 721.4345803994017),
	(1777978959, 193, 43, 34, 21.08979055925005, 67.38386705613543, 1006.7724669631779),
	(1777978959, 193, 43, 35, 12.285541441464769, 28.777279870342475, 572.3332091459964),
	(1777978959, 193, 43, 36, 54.191369187419696, 78.78386053334691, 614.322495047517),
	(1777978959, 193, 43, 37, 37.46369231272721, 87.06193518650558, 1512.3682121457462),
	(1777978959, 193, 43, 38, 20.585209623899143, 38.322365830777095, 531.1960440349126),
	(1777978959, 193, 43, 39, 69.55515758919194, 47.047059801185824, 1292.5758842693135),
	(1777978959, 193, 43, 40, 74.25961189436079, 85.59903377565168, 1842.6981811480327),
	(1777978959, 193, 43, 41, 40.42579910770532, 73.30798002476328, 2079.0193934931644),
	(1777978959, 193, 43, 42, 36.091323238502355, 68.26381986679964, 2718.078549821477),
	(1777978959, 193, 43, 43, 71.2709814565042, 22.925829731933177, 2569.5148080169615),
	(1777978959, 193, 43, 44, 40.405844505686716, 85.18598363081846, 2403.008325676419),
	(1777978959, 193, 43, 45, 57.557185853385064, 35.01375215968519, 1840.175012313848),
	(1777978959, 193, 43, 46, 88.81451366760824, 49.42813690236205, 49.33047652970812),
	(1777978959, 193, 43, 47, 10.556769564487844, 46.02207945492256, 1247.9168671227437),
	(1777978959, 193, 43, 48, 26.396993740020026, 51.69896199900819, 1995.190603974219),
	(1777978959, 193, 43, 49, 19.50600670827079, 54.93697721831612, 900.462302632327),
	(1777978959, 193, 43, 50, 6.76484973471446, 45.31549316506634, 1440.9768294098526),
	(1777978959, 193, 43, 51, 50.32464346848477, 55.934528195909856, 2431.7672855028372),
	(1777978959, 193, 43, 52, 81.29099444266802, 84.65741655183089, 1925.1562748219405),
	(1777978959, 193, 43, 53, 11.006025909526075, 69.78861222360429, 1090.8360230012877),
	(1777978959, 193, 43, 54, 39.74409463711533, 73.51822202069518, 1795.8764926203705),
	(1777978959, 193, 43, 55, 58.021971554038934, 51.01360433553748, 1811.3272527943645),
	(1777978959, 193, 43, 56, 71.80492624447558, 10.914564019512271, 2339.479206625264),
	(1777978959, 193, 43, 57, 18.647451070170355, 74.42403674056311, 2947.012123584068),
	(1777978959, 193, 43, 58, 70.05711826142387, 50.317369772043335, 1110.1984402379585),
	(1777978959, 193, 43, 59, 48.58208303737738, 9.855206800176198, 384.82889220962034),
	(1777978959, 193, 43, 60, 7.565551464411175, 4.973308454066064, 14.323606846422088),
	(1777978959, 193, 43, 61, 39.94895912069495, 12.781522527039066, 1829.3550582330909),
	(1777978959, 193, 43, 62, 63.01298460657642, 13.934092801699572, 2434.150588160426),
	(1777978959, 193, 43, 63, 4.127025322764494, 4.886238258290332, 631.1590874960594),
	(1777978959, 193, 43, 64, 53.368876355887885, 84.59098364204583, 2755.8569780730027),
	(1777978959, 193, 43, 65, 1.938807022356278, 80.05929979575295, 1089.7842913617444),
	(1777978959, 193, 43, 66, 81.69874894929889, 11.647313084807962, 2660.303492338323),
	(1777978959, 193, 43, 67, 6.547574130606762, 35.35344751968311, 228.59088482846857),
	(1777978959, 193, 43, 68, 30.081581502877256, 81.36086050897208, 1565.6957949842113),
	(1777978959, 193, 43, 69, 13.205542902096097, 49.98391544751188, 485.74428523312406),
	(1777978959, 193, 43, 70, 82.98078598119378, 76.22015050782967, 313.4722634499524),
	(1777978959, 193, 43, 71, 88.64885480887541, 53.42604750676384, 650.6555962328077),
	(1777978959, 193, 43, 72, 47.87060163953402, 37.499493359760294, 2717.5160912434985),
	(1777978959, 193, 43, 73, 67.60020056052174, 72.78909323010663, 2668.313234294849),
	(1777978959, 193, 43, 74, 55.239606213852525, 66.82187992327097, 1957.0764709532136),
	(1777978959, 193, 43, 75, 23.68458911895745, 69.59961760069038, 2136.2766709586945),
	(1777978959, 193, 43, 76, 8.93334153751198, 36.68724806755543, 2939.9411462940093),
	(1843998184, 193, 43, 1, 3.4189449791395687, 85.41185995889037, 2926.62123455889),
	(1843998184, 193, 43, 2, 35.552128229297246, 75.5877639950883, 1142.2645353180703),
	(1843998184, 193, 43, 3, 52.66787997614773, 40.66508903742532, 1521.301522600914),
	(1843998184, 193, 43, 4, 10.549495479286694, 50.68994021437986, 1123.7998096251229),
	(1843998184, 193, 43, 5, 22.903705225600717, 63.124201432926995, 853.7730444732412),
	(1843998184, 193, 43, 6, 44.87991238327367, 19.344618265000662, 2957.9153006320603),
	(1843998184, 193, 43, 7, 46.320024564866834, 41.5942210700985, 2350.738079584546),
	(1843998184, 193, 43, 8, 74.65128353393524, 31.532641405633015, 2783.016941853147),
	(1843998184, 193, 43, 9, 7.414981488973005, 37.531237290868134, 721.9355886880056),
	(1843998184, 193, 43, 10, 89.78087018340734, 45.75274093047968, 2335.146328469446),
	(1843998184, 193, 43, 11, 37.97463024616989, 49.64735548707768, 596.4780413077177),
	(1843998184, 193, 43, 12, 35.232792593279534, 82.93150735189153, 2186.872385462835),
	(1843998184, 193, 43, 13, 76.26386567824726, 28.485651383682253, 84.46265462913061),
	(1843998184, 193, 43, 14, 47.23378705952327, 4.274996822815643, 897.2595376724593),
	(1843998184, 193, 43, 15, 56.27759192015807, 47.36486777151596, 230.9133269611179),
	(1843998184, 193, 43, 16, 16.375695460393647, 86.7483684776879, 2269.444661729101),
	(1843998184, 193, 43, 17, 7.557091231522923, 26.26137979213631, 2847.58401562481),
	(1843998184, 193, 43, 18, 59.02440653555678, 54.399553822073514, 2322.0232250568406),
	(1843998184, 193, 43, 19, 20.337840238641864, 59.46423693399964, 1734.0679056429738),
	(1843998184, 193, 43, 20, 76.68430233970321, 34.89849567625496, 606.8503038408945),
	(1843998184, 193, 43, 21, 72.33087874379584, 7.645715577325648, 2968.4407773551197),
	(1843998184, 193, 43, 22, 56.07597359837049, 80.45004209479086, 1592.9524968777694),
	(1843998184, 193, 43, 23, 50.18981399472096, 53.47466149224821, 2755.006336025549),
	(1843998184, 193, 43, 24, 49.296348834096975, 19.845716726544445, 1133.630249096143),
	(1843998184, 193, 43, 25, 66.03009503045216, 24.012016477728675, 1202.7164525704663),
	(1843998184, 193, 43, 26, 16.841177198447042, 36.17264714718005, 1210.083158878894),
	(1843998184, 193, 43, 27, 7.3645841845090185, 0.3526518500417719, 320.78829324697466),
	(1843998184, 193, 43, 28, 62.764454524516054, 4.208599054719199, 1954.1061900916345),
	(1843998184, 193, 43, 29, 58.21057764463227, 54.701034101689096, 2649.9715989147276),
	(1843998184, 193, 43, 30, 69.73420026230386, 42.79466796187029, 1335.3991546079249),
	(1843998184, 193, 43, 31, 24.19613773594356, 68.03303664791738, 1156.3260602812143),
	(1843998184, 193, 43, 32, 5.515692219484002, 42.898104665684976, 2988.647394230797),
	(1843998184, 193, 43, 33, 26.455871210084485, 45.139955851247315, 101.02856660928094),
	(1843998184, 193, 43, 34, 77.39323167118759, 26.929827180978833, 1639.1804781041837),
	(1843998184, 193, 43, 35, 86.29490085409986, 23.727570964815342, 2616.8506428703085),
	(1843998184, 193, 43, 36, 21.444993261717762, 22.224940641708983, 1408.2703148798014),
	(1843998184, 193, 43, 37, 77.25838062788586, 51.67801000910259, 1715.0815286158893),
	(1843998184, 193, 43, 38, 18.94717244494286, 1.005597209617738, 1053.9520815453366),
	(1843998184, 193, 43, 39, 28.33952568450407, 40.362820556796365, 439.58524602908255),
	(1843998184, 193, 43, 40, 88.4266226312155, 62.34721768991493, 1935.6162346960828),
	(1843998184, 193, 43, 41, 55.78535865619051, 37.834672140841484, 1774.1463841600616),
	(1843998184, 193, 43, 42, 71.40998708982838, 67.68361998272897, 1668.8735594792213),
	(1843998184, 193, 43, 43, 47.36085822740418, 50.78769443910718, 2360.7407706733434),
	(1843998184, 193, 43, 44, 45.94626649809117, 32.845837793421026, 339.85253682882086),
	(1843998184, 193, 43, 45, 89.03825503083456, 22.835765945223983, 1872.233622252315),
	(1843998184, 193, 43, 46, 5.3587165821585, 6.09990066479762, 621.4463204094393),
	(1843998184, 193, 43, 47, 54.79255650060178, 4.537563933743999, 2807.625259012861),
	(1843998184, 193, 43, 48, 27.47439737042236, 13.747997391261833, 1455.5366886374181),
	(1843998184, 193, 43, 49, 19.762516166377587, 9.120831795564062, 1814.5888647913268),
	(1843998184, 193, 43, 50, 45.489294165924456, 15.829128984995016, 1755.3345798224807),
	(1843998184, 193, 43, 51, 8.821861215904326, 1.6405921123084566, 2300.9325996464813),
	(1843998184, 193, 43, 52, 66.25331727529948, 17.26475661834095, 2882.474989704922),
	(1843998184, 193, 43, 53, 8.680648101517843, 18.52014751763633, 2092.149584276657),
	(1843998184, 193, 43, 54, 48.63430426322744, 44.929122085158106, 1530.7916218249509);
/*!40000 ALTER TABLE `recordedtracklocations` ENABLE KEYS */;


-- Dump della struttura di tabella boscolon_spring.recordedtracks
CREATE TABLE IF NOT EXISTS `recordedtracks` (
  `_id` int(10) unsigned NOT NULL,
  `account_id` int(10) unsigned NOT NULL,
  `syncNumber` int(10) unsigned NOT NULL,
  `virtual_id` int(10) unsigned DEFAULT NULL,
  `creationDate` bigint(20) unsigned NOT NULL,
  `length` double unsigned NOT NULL,
  `distance` double unsigned NOT NULL,
  `heightDiff` int(10) NOT NULL,
  `time` bigint(20) unsigned NOT NULL,
  `maxSpeed` double unsigned NOT NULL,
  `steps` int(10) unsigned NOT NULL,
  PRIMARY KEY (`_id`,`syncNumber`,`account_id`),
  KEY `FK-recordedtracks-virtualtracks` (`virtual_id`),
  KEY `FK_recordedtracks_commonaccounts` (`account_id`),
  KEY `FK-recordedtracklocations-recordedtrack` (`_id`,`account_id`,`syncNumber`) USING BTREE,
  CONSTRAINT `FK-recordedtracks-virtualtracks` FOREIGN KEY (`virtual_id`) REFERENCES `virtualtracks` (`_id`) ON DELETE CASCADE ON UPDATE CASCADE,
  CONSTRAINT `FK_recordedtracks_commonaccounts` FOREIGN KEY (`account_id`) REFERENCES `commonaccounts` (`_id`) ON DELETE CASCADE ON UPDATE CASCADE
) ENGINE=InnoDB DEFAULT CHARSET=latin1;

-- Dump dei dati della tabella boscolon_spring.recordedtracks: ~12 rows (circa)
/*!40000 ALTER TABLE `recordedtracks` DISABLE KEYS */;
INSERT IGNORE INTO `recordedtracks` (`_id`, `account_id`, `syncNumber`, `virtual_id`, `creationDate`, `length`, `distance`, `heightDiff`, `time`, `maxSpeed`, `steps`) VALUES
	(1, 193, 1, 3, 1233425646, 0, 0, 1, 0, 0, 0),
	(15, 284, 1, NULL, 1431319120000, 14.112364563155529, 1, 457, 9764512, 12.4, 31541),
	(55, 193, 23, NULL, 1338754082182, 17.302825401750386, 26.26, 486, 14586974, 49.3, 26230),
	(771990813, 193, 43, NULL, 1160664851119, 228859.2889675355, 14200.14405990817, 2953, 8228420, 1.868358193445141, 6776),
	(880980157, 193, 43, NULL, 584981045877, 103940.20161132996, 17215.97025846565, 2811, 8649678, 12.266238688353946, 86460),
	(908193092, 193, 43, NULL, 1338754082182, 265969.7272311676, 79806.12307768238, 2716, 25387307, 17.07671427191924, 31409),
	(1292926029, 193, 43, NULL, 399248431788, 129573.54216241489, 55901.91482587468, 2995, 14586974, 18.02207811489663, 25003),
	(1579533602, 193, 43, NULL, 430448701546, 103230.714056897, 62792.44794852045, 2914, 9237322, 14.726017754306229, 74855),
	(1585225018, 193, 43, NULL, 1514611793712, 81704.92078171682, 27198.752229473997, 2672, 6310710, 18.32443273668368, 60005),
	(1647168709, 193, 43, NULL, 1474004471089, 203852.3493598591, 96432.74453312808, 2831, 31992240, 4.008820792312644, 24717),
	(1777978959, 193, 43, NULL, 1430129606746, 315659.82510615344, 66018.18854373087, 2933, 16764227, 17.035740069951974, 51043),
	(1843998184, 193, 43, NULL, 740322391569, 228409.025165621, 30741.507513167722, 2904, 8709607, 10.302381270552637, 37143);
/*!40000 ALTER TABLE `recordedtracks` ENABLE KEYS */;


-- Dump della struttura di vista boscolon_spring.stats
-- Creazione di una tabella temporanea per risolvere gli errori di dipendenza della vista
CREATE TABLE `stats` (
	`account_id` INT(10) UNSIGNED NOT NULL,
	`numberActivity` BIGINT(21) NOT NULL,
	`totalDistance` DOUBLE NULL,
	`maxSpeed` DOUBLE NULL,
	`totalTime` DECIMAL(42,0) NULL,
	`totalSteps` DECIMAL(32,0) NULL,
	`totalHeightDiff` DECIMAL(32,0) NULL,
	`expLevel` DOUBLE NULL
) ENGINE=MyISAM;


-- Dump della struttura di procedura boscolon_spring.SYNCINC
DELIMITER //
CREATE DEFINER=`boscolon_shike`@`%` PROCEDURE `SYNCINC`(
        IN `idaccount` INTEGER
    )
    DETERMINISTIC
BEGIN
	UPDATE commonaccounts SET syncCount = syncCount + 1 WHERE _id = idaccount;
    SELECT syncCount AS new_syncCount FROM commonaccounts WHERE _id = idaccount;
END//
DELIMITER ;


-- Dump della struttura di tabella boscolon_spring.tokens
CREATE TABLE IF NOT EXISTS `tokens` (
  `token` char(36) NOT NULL,
  `oneTimeCode` char(5) DEFAULT NULL,
  `account_id` int(11) unsigned DEFAULT NULL,
  `timestamp` timestamp NOT NULL DEFAULT CURRENT_TIMESTAMP,
  PRIMARY KEY (`token`),
  UNIQUE KEY `codice` (`oneTimeCode`),
  UNIQUE KEY `accountid` (`account_id`),
  CONSTRAINT `fk_tokens_commonaccounts` FOREIGN KEY (`account_id`) REFERENCES `commonaccounts` (`_id`) ON DELETE CASCADE ON UPDATE CASCADE
) ENGINE=InnoDB DEFAULT CHARSET=latin1 PACK_KEYS=0;

-- Dump dei dati della tabella boscolon_spring.tokens: ~2 rows (circa)
/*!40000 ALTER TABLE `tokens` DISABLE KEYS */;
INSERT IGNORE INTO `tokens` (`token`, `oneTimeCode`, `account_id`, `timestamp`) VALUES
	('78916710-23f4-472e-9ab9-6ec6f2e47cca', NULL, 530, '2015-06-15 11:09:20'),
	('961cd601-6822-42a4-ae1b-38f86a72b249', NULL, 193, '2015-06-14 10:25:59');
/*!40000 ALTER TABLE `tokens` ENABLE KEYS */;


-- Dump della struttura di tabella boscolon_spring.tracktosync
CREATE TABLE IF NOT EXISTS `tracktosync` (
  `account_id` int(11) unsigned NOT NULL,
  `track_id` int(11) unsigned NOT NULL,
  PRIMARY KEY (`account_id`,`track_id`),
  KEY `FK2-id-track` (`track_id`),
  CONSTRAINT `FK1-id-acc` FOREIGN KEY (`account_id`) REFERENCES `commonaccounts` (`_id`) ON DELETE CASCADE ON UPDATE CASCADE,
  CONSTRAINT `FK2-id-track` FOREIGN KEY (`track_id`) REFERENCES `virtualtracks` (`_id`) ON DELETE CASCADE ON UPDATE CASCADE
) ENGINE=InnoDB DEFAULT CHARSET=latin1;

-- Dump dei dati della tabella boscolon_spring.tracktosync: ~3 rows (circa)
/*!40000 ALTER TABLE `tracktosync` DISABLE KEYS */;
INSERT IGNORE INTO `tracktosync` (`account_id`, `track_id`) VALUES
	(284, 3),
	(193, 15),
	(284, 15);
/*!40000 ALTER TABLE `tracktosync` ENABLE KEYS */;


-- Dump della struttura di tabella boscolon_spring.virtualtracklocations
CREATE TABLE IF NOT EXISTS `virtualtracklocations` (
  `track_id` int(10) unsigned NOT NULL,
  `locationOrder` int(10) unsigned NOT NULL,
  `latitude` double NOT NULL,
  `longitude` double NOT NULL,
  `altitude` double NOT NULL,
  PRIMARY KEY (`track_id`,`locationOrder`),
  CONSTRAINT `FK-virtualtracklocations-virtualtracks` FOREIGN KEY (`track_id`) REFERENCES `virtualtracks` (`_id`) ON DELETE CASCADE ON UPDATE CASCADE
) ENGINE=InnoDB DEFAULT CHARSET=latin1;

-- Dump dei dati della tabella boscolon_spring.virtualtracklocations: ~2.617 rows (circa)
/*!40000 ALTER TABLE `virtualtracklocations` DISABLE KEYS */;
INSERT IGNORE INTO `virtualtracklocations` (`track_id`, `locationOrder`, `latitude`, `longitude`, `altitude`) VALUES
	(3, 1, 45.87211, 11.50676, 1008.6),
	(3, 2, 45.87237, 11.50695, 1005.5),
	(3, 3, 45.87273, 11.50681, 1004.5),
	(3, 4, 45.8736, 11.50564, 1008.7),
	(3, 5, 45.87392, 11.50558, 1011.6),
	(3, 6, 45.87476, 11.50501, 1012.5),
	(3, 7, 45.87519, 11.50443, 1011.9),
	(3, 8, 45.87567, 11.50289, 1013.4),
	(3, 9, 45.87554, 11.50081, 1018.4),
	(3, 10, 45.8757, 11.50014, 1020.8),
	(3, 11, 45.87871, 11.49623, 1022.9),
	(3, 12, 45.87904, 11.49442, 1022.9),
	(3, 13, 45.88027, 11.49315, 1017.7),
	(3, 14, 45.88096, 11.49219, 1019.6),
	(3, 15, 45.8809, 11.49127, 1024),
	(3, 16, 45.88063, 11.4908, 1028.2),
	(3, 17, 45.87958, 11.49094, 1026.2),
	(3, 18, 45.87901, 11.49028, 1034.5),
	(3, 19, 45.8786, 11.49034, 1033.1),
	(3, 20, 45.87841, 11.49019, 1035.1),
	(3, 21, 45.87868, 11.48989, 1038.9),
	(3, 22, 45.88015, 11.48919, 1049.4),
	(3, 23, 45.88043, 11.48886, 1051),
	(3, 24, 45.88049, 11.4884, 1054.1),
	(3, 25, 45.88007, 11.48615, 1057),
	(3, 26, 45.88047, 11.48317, 1047.5),
	(3, 27, 45.88121, 11.48124, 1049.5),
	(3, 28, 45.88173, 11.4805, 1053.2),
	(3, 29, 45.88206, 11.47939, 1049.1),
	(3, 30, 45.88327, 11.47868, 1064.6),
	(3, 31, 45.88334, 11.47813, 1059.1),
	(3, 32, 45.884, 11.4765, 1059.6),
	(3, 33, 45.8844, 11.47417, 1062.5),
	(3, 34, 45.88518, 11.47255, 1063.9),
	(3, 35, 45.88664, 11.47214, 1073),
	(3, 36, 45.88824, 11.47141, 1069.4),
	(3, 37, 45.88994, 11.46944, 1066.9),
	(3, 38, 45.89039, 11.46992, 1078.7),
	(3, 39, 45.89154, 11.47013, 1075.8),
	(3, 40, 45.89295, 11.46985, 1062.3),
	(3, 41, 45.89367, 11.46997, 1073.9),
	(3, 42, 45.89515, 11.46866, 1050.2),
	(3, 43, 45.89591, 11.46861, 1058.8),
	(3, 44, 45.89708, 11.46808, 1057.5),
	(3, 45, 45.89811, 11.46608, 1038.8),
	(3, 46, 45.90081, 11.46496, 1037.1),
	(3, 47, 45.90116, 11.46468, 1040),
	(3, 48, 45.90189, 11.4632, 1027.6),
	(3, 49, 45.90288, 11.46176, 1014.6),
	(3, 50, 45.90416, 11.46097, 1028),
	(3, 51, 45.90474, 11.46011, 1010.4),
	(3, 52, 45.90664, 11.45899, 1016.2),
	(3, 53, 45.90799, 11.45885, 1010.9),
	(3, 54, 45.90858, 11.45857, 1006.4),
	(3, 55, 45.91001, 11.4571, 1000.7),
	(3, 56, 45.91008, 11.45741, 1004.3),
	(3, 57, 45.90978, 11.4576, 1004.9),
	(3, 58, 45.90975, 11.4578, 1009.6),
	(3, 59, 45.91026, 11.4585, 1025.3),
	(3, 60, 45.91037, 11.45937, 1037),
	(3, 61, 45.91058, 11.45978, 1036.2),
	(3, 62, 45.91123, 11.46372, 1065.4),
	(3, 63, 45.91177, 11.4647, 1059.1),
	(3, 64, 45.9123, 11.46508, 1065.9),
	(3, 65, 45.91271, 11.46644, 1088.2),
	(3, 66, 45.9128, 11.46738, 1100.3),
	(3, 67, 45.91306, 11.46792, 1097.9),
	(3, 68, 45.913, 11.4683, 1101.4),
	(3, 69, 45.91323, 11.46918, 1098.7),
	(3, 70, 45.91397, 11.47102, 1116.2),
	(3, 71, 45.91527, 11.47269, 1133.6),
	(3, 72, 45.91699, 11.47441, 1157.9),
	(3, 73, 45.91766, 11.47482, 1164.8),
	(3, 74, 45.91824, 11.47466, 1171.2),
	(3, 75, 45.91872, 11.47511, 1172.4),
	(3, 76, 45.91893, 11.47559, 1181.8),
	(3, 77, 45.92101, 11.47648, 1183),
	(3, 78, 45.92195, 11.4766, 1187.2),
	(3, 79, 45.92229, 11.47684, 1194.6),
	(3, 80, 45.92173, 11.47718, 1198.4),
	(3, 81, 45.92121, 11.47725, 1198.7),
	(3, 82, 45.92112, 11.47749, 1205.4),
	(3, 83, 45.92164, 11.47743, 1204.9),
	(3, 84, 45.92083, 11.47821, 1224.7),
	(3, 85, 45.92077, 11.47906, 1245.2),
	(3, 86, 45.92112, 11.47853, 1236.7),
	(3, 87, 45.92161, 11.47846, 1241.9),
	(3, 88, 45.92135, 11.4785, 1239.4),
	(3, 89, 45.92121, 11.47873, 1243.9),
	(3, 90, 45.9208, 11.48097, 1275.7),
	(3, 91, 45.92072, 11.48224, 1285.5),
	(3, 92, 45.92113, 11.48351, 1304.9),
	(3, 93, 45.92131, 11.48364, 1311.8),
	(3, 94, 45.92096, 11.48407, 1312.5),
	(3, 95, 45.92089, 11.48446, 1321.5),
	(3, 96, 45.92205, 11.48574, 1345.2),
	(3, 97, 45.9224, 11.48649, 1357.1),
	(3, 98, 45.92443, 11.48769, 1382),
	(3, 99, 45.92517, 11.48846, 1392.2),
	(3, 100, 45.92571, 11.48874, 1397.8),
	(3, 101, 45.92603, 11.48915, 1402.9),
	(3, 102, 45.92614, 11.48951, 1410),
	(3, 103, 45.92604, 11.48955, 1411.3),
	(3, 104, 45.92697, 11.48996, 1413.7),
	(3, 105, 45.92903, 11.49041, 1426.8),
	(3, 106, 45.92968, 11.49069, 1428.2),
	(3, 107, 45.93191, 11.4909, 1438.2),
	(3, 108, 45.93249, 11.49127, 1442.7),
	(3, 109, 45.93352, 11.49154, 1453),
	(3, 110, 45.93467, 11.49226, 1459.5),
	(3, 111, 45.93573, 11.49241, 1470.3),
	(3, 112, 45.93637, 11.49281, 1472.7),
	(3, 113, 45.93929, 11.4931, 1493.8),
	(3, 114, 45.94041, 11.49358, 1501.9),
	(3, 115, 45.94089, 11.49407, 1510.4),
	(3, 116, 45.94142, 11.49402, 1515.9),
	(3, 117, 45.94294, 11.49475, 1534.3),
	(3, 118, 45.94551, 11.49473, 1549.6),
	(3, 119, 45.94683, 11.49553, 1565.6),
	(3, 120, 45.94715, 11.49549, 1566.8),
	(3, 121, 45.94754, 11.49571, 1569.2),
	(3, 122, 45.9484, 11.49554, 1577.7),
	(3, 123, 45.94927, 11.49591, 1582.4),
	(3, 124, 45.95055, 11.49542, 1593.1),
	(3, 125, 45.95228, 11.49554, 1616.3),
	(3, 126, 45.95322, 11.49546, 1621),
	(3, 127, 45.95477, 11.49654, 1645.1),
	(3, 128, 45.95535, 11.49684, 1654.1),
	(3, 129, 45.95559, 11.49672, 1651.7),
	(3, 130, 45.95568, 11.49681, 1655.2),
	(3, 131, 45.95556, 11.49694, 1658.7),
	(3, 132, 45.95515, 11.49712, 1663.8),
	(3, 133, 45.95546, 11.49719, 1666.7),
	(3, 134, 45.9558, 11.49701, 1661.8),
	(3, 135, 45.95667, 11.49725, 1669.8),
	(3, 136, 45.95687, 11.49792, 1684.1),
	(3, 137, 45.95724, 11.49826, 1691.1),
	(3, 138, 45.95781, 11.4981, 1695.6),
	(3, 139, 45.95823, 11.49769, 1700.1),
	(3, 140, 45.95948, 11.49493, 1726.8),
	(3, 141, 45.96068, 11.49324, 1753.7),
	(3, 142, 45.96136, 11.49345, 1761.7),
	(3, 143, 45.96202, 11.49293, 1773.4),
	(3, 144, 45.96294, 11.49309, 1782),
	(3, 145, 45.96343, 11.49296, 1793.2),
	(3, 146, 45.96371, 11.49414, 1795.8),
	(3, 147, 45.96365, 11.49453, 1801.6),
	(3, 148, 45.963, 11.4949, 1802.2),
	(3, 149, 45.96211, 11.49509, 1807.2),
	(3, 150, 45.96147, 11.49484, 1798.2),
	(3, 151, 45.96221, 11.49555, 1822.7),
	(3, 152, 45.96289, 11.49535, 1821),
	(3, 153, 45.96381, 11.49551, 1834.6),
	(3, 154, 45.96522, 11.49608, 1857.5),
	(3, 155, 45.96592, 11.49616, 1860.8),
	(3, 156, 45.96706, 11.49676, 1875.9),
	(3, 157, 45.97003, 11.49739, 1894.8),
	(3, 158, 45.97072, 11.49695, 1896.4),
	(3, 159, 45.97171, 11.49576, 1889.4),
	(3, 160, 45.97198, 11.49576, 1889.5),
	(3, 161, 45.97226, 11.49601, 1895.1),
	(3, 162, 45.97351, 11.49578, 1894.9),
	(3, 163, 45.97411, 11.49677, 1901.6),
	(3, 164, 45.97467, 11.49715, 1903.9),
	(3, 165, 45.97523, 11.49635, 1904.4),
	(3, 166, 45.97554, 11.49624, 1907.4),
	(3, 167, 45.97605, 11.49538, 1908.2),
	(3, 168, 45.97608, 11.49484, 1906.1),
	(3, 169, 45.97579, 11.49445, 1902.4),
	(3, 170, 45.97595, 11.49427, 1904.3),
	(3, 171, 45.97692, 11.49444, 1909.9),
	(3, 172, 45.97713, 11.49481, 1916.4),
	(3, 173, 45.9775, 11.49498, 1920.5),
	(3, 174, 45.97898, 11.49456, 1920.2),
	(3, 175, 45.97917, 11.49426, 1919.7),
	(3, 176, 45.97906, 11.49297, 1925.3),
	(3, 177, 45.97929, 11.49223, 1929.2),
	(3, 178, 45.98024, 11.49165, 1933.6),
	(3, 179, 45.97982, 11.49036, 1934.4),
	(3, 180, 45.97951, 11.49012, 1929.9),
	(3, 181, 45.97945, 11.48982, 1930.3),
	(3, 182, 45.97997, 11.48828, 1950.2),
	(3, 183, 45.97999, 11.48869, 1951.1),
	(3, 184, 45.98018, 11.48814, 1952.8),
	(3, 185, 45.98044, 11.488, 1956.1),
	(3, 186, 45.98041, 11.4864, 1972.8),
	(3, 187, 45.98065, 11.4852, 1975.8),
	(3, 188, 45.98084, 11.48562, 1978.7),
	(3, 189, 45.98112, 11.48562, 1976.7),
	(3, 190, 45.98189, 11.4851, 1963.3),
	(3, 191, 45.98217, 11.4852, 1962.2),
	(3, 192, 45.98239, 11.48563, 1966.8),
	(3, 193, 45.98359, 11.48614, 1963.3),
	(3, 194, 45.98388, 11.4861, 1966.1),
	(3, 195, 45.98409, 11.48576, 1964.7),
	(3, 196, 45.98418, 11.485, 1959.3),
	(3, 197, 45.9845, 11.48457, 1963.1),
	(3, 198, 45.9851, 11.48428, 1971.1),
	(3, 199, 45.98557, 11.4834, 1970),
	(3, 200, 45.98578, 11.48328, 1969.8),
	(3, 201, 45.98604, 11.48339, 1975.2),
	(3, 202, 45.98587, 11.48328, 1970.7),
	(3, 203, 45.98607, 11.48329, 1974.9),
	(3, 204, 45.9864, 11.48259, 1975.9),
	(3, 205, 45.98746, 11.48212, 1984.8),
	(3, 206, 45.98779, 11.48167, 1984.1),
	(3, 207, 45.98795, 11.48165, 1984.6),
	(3, 208, 45.98809, 11.48242, 1984.9),
	(3, 209, 45.98855, 11.48325, 1986.6),
	(3, 210, 45.9886, 11.48514, 1991.7),
	(3, 211, 45.98932, 11.48573, 1993.4),
	(3, 212, 45.98943, 11.48697, 1995.6),
	(3, 213, 45.98966, 11.48764, 1997),
	(3, 214, 45.98998, 11.48798, 1997.1),
	(3, 215, 45.99104, 11.48864, 1993.8),
	(3, 216, 45.99197, 11.48892, 1992.6),
	(3, 217, 45.99219, 11.48966, 1995.8),
	(3, 218, 45.99262, 11.48881, 1997),
	(3, 219, 45.99287, 11.48911, 2001.3),
	(3, 220, 45.99329, 11.4891, 2007.4),
	(3, 221, 45.99361, 11.48929, 2013.2),
	(3, 222, 45.99425, 11.48917, 2023),
	(3, 223, 45.99448, 11.48864, 2028.7),
	(3, 224, 45.99468, 11.48926, 2027.6),
	(3, 225, 45.99535, 11.48928, 2031.4),
	(3, 226, 45.99603, 11.48967, 2030.6),
	(3, 227, 45.99633, 11.49042, 2034.2),
	(3, 228, 45.99677, 11.49022, 2034),
	(3, 229, 45.99727, 11.49061, 2040.5),
	(3, 230, 45.99749, 11.49035, 2038.2),
	(3, 231, 45.99778, 11.49052, 2040.9),
	(3, 232, 45.99845, 11.49002, 2037),
	(3, 233, 45.99886, 11.49021, 2042.2),
	(3, 234, 45.99982, 11.49004, 2047.7),
	(3, 235, 46.00035, 11.49032, 2052.7),
	(3, 236, 46.0007, 11.49077, 2055.8),
	(3, 237, 46.00068, 11.49142, 2058.6),
	(3, 238, 46.00101, 11.492, 2064),
	(3, 239, 46.0018, 11.49225, 2073.2),
	(3, 240, 46.00189, 11.49266, 2075.2),
	(3, 241, 46.00169, 11.49303, 2072),
	(3, 242, 46.00177, 11.49341, 2072),
	(3, 243, 46.00358, 11.49399, 2074.5),
	(3, 244, 46.00546, 11.49481, 2083),
	(3, 245, 46.0054, 11.49557, 2072),
	(3, 246, 46.00501, 11.49614, 2062.1),
	(3, 247, 46.00448, 11.49639, 2057.6),
	(3, 248, 46.00391, 11.49724, 2051.5),
	(3, 249, 46.00363, 11.49732, 2049.6),
	(3, 250, 46.00328, 11.49716, 2047.2),
	(3, 251, 46.00294, 11.49731, 2047.1),
	(3, 252, 46.00278, 11.4983, 2048.6),
	(3, 253, 46.00323, 11.4989, 2053.2),
	(3, 254, 46.00369, 11.50018, 2059.6),
	(3, 255, 46.00376, 11.50084, 2064.3),
	(3, 256, 46.00464, 11.50134, 2056.6),
	(3, 257, 46.00492, 11.50239, 2047.4),
	(3, 258, 46.00547, 11.50251, 2048.3),
	(3, 259, 46.00583, 11.50314, 2046.3),
	(3, 260, 46.00603, 11.50365, 2052.6),
	(3, 261, 46.00592, 11.5045, 2054),
	(3, 262, 46.00643, 11.50606, 2081.9),
	(3, 263, 46.00691, 11.50641, 2089.9),
	(3, 264, 46.00741, 11.50715, 2094.2),
	(3, 265, 46.0068, 11.50798, 2083),
	(3, 266, 46.00589, 11.50826, 2069.9),
	(3, 267, 46.00522, 11.50924, 2047.5),
	(3, 268, 46.00495, 11.50916, 2045.8),
	(3, 269, 46.00511, 11.51034, 2021.2),
	(3, 270, 46.0048, 11.51129, 1991.9),
	(3, 271, 46.00531, 11.51237, 1970.9),
	(3, 272, 46.00516, 11.51354, 1951.4),
	(3, 273, 46.00469, 11.51439, 1935.7),
	(3, 274, 46.00419, 11.51507, 1931.2),
	(3, 275, 46.00366, 11.51545, 1931.5),
	(3, 276, 46.00302, 11.51551, 1928.6),
	(3, 277, 46.0024, 11.51712, 1928.8),
	(3, 278, 46.00198, 11.51752, 1925.2),
	(3, 279, 46.0017, 11.51761, 1922.9),
	(3, 280, 46.00153, 11.51751, 1921.7),
	(3, 281, 46.00111, 11.51778, 1916.6),
	(3, 282, 46.00085, 11.51848, 1912.7),
	(3, 283, 46.0003, 11.51874, 1907.4),
	(3, 284, 45.99992, 11.51947, 1904.6),
	(3, 285, 45.9995, 11.51969, 1899.1),
	(3, 286, 45.99891, 11.52047, 1899.2),
	(3, 287, 45.99863, 11.52051, 1898.7),
	(3, 288, 45.99792, 11.52104, 1905.2),
	(3, 289, 45.99718, 11.52135, 1908),
	(3, 290, 45.9968, 11.52201, 1909.1),
	(3, 291, 45.99609, 11.52449, 1861.8),
	(3, 292, 45.99628, 11.52618, 1844.2),
	(3, 293, 45.99579, 11.52668, 1839),
	(3, 294, 45.99577, 11.52765, 1832.5),
	(3, 295, 45.99484, 11.52821, 1812.3),
	(3, 296, 45.99473, 11.52845, 1804.4),
	(3, 297, 45.99496, 11.52902, 1794.9),
	(3, 298, 45.99537, 11.52934, 1796.4),
	(3, 299, 45.99496, 11.52972, 1780.5),
	(3, 300, 45.99515, 11.53043, 1780.9),
	(3, 301, 45.99534, 11.53034, 1780.8),
	(3, 302, 45.99563, 11.53066, 1781.4),
	(3, 303, 45.99647, 11.53281, 1774.7),
	(3, 304, 45.99633, 11.53406, 1770.8),
	(3, 305, 45.99578, 11.53463, 1760.7),
	(3, 306, 45.99587, 11.53498, 1761),
	(3, 307, 45.99576, 11.53517, 1759.3),
	(3, 308, 45.9952, 11.53562, 1749.5),
	(3, 309, 45.99427, 11.53592, 1739),
	(3, 310, 45.99264, 11.53724, 1720.6),
	(3, 311, 45.99243, 11.53794, 1719.2),
	(3, 312, 45.99255, 11.53884, 1715.2),
	(3, 313, 45.99217, 11.53949, 1708.5),
	(3, 314, 45.99185, 11.53955, 1705.3),
	(3, 315, 45.99184, 11.53875, 1709.6),
	(3, 316, 45.99133, 11.5391, 1698.7),
	(3, 317, 45.99088, 11.53919, 1691.6),
	(3, 318, 45.9903, 11.53838, 1699.3),
	(3, 319, 45.98981, 11.53842, 1696.9),
	(3, 320, 45.98927, 11.53916, 1686.6),
	(3, 321, 45.9892, 11.54043, 1675.7),
	(3, 322, 45.98891, 11.54048, 1677.6),
	(3, 323, 45.98837, 11.54091, 1674.2),
	(3, 324, 45.9881, 11.54197, 1663.7),
	(3, 325, 45.98743, 11.54336, 1650.1),
	(3, 326, 45.98712, 11.54346, 1646),
	(3, 327, 45.98586, 11.54261, 1632.6),
	(3, 328, 45.98536, 11.54109, 1650.1),
	(3, 329, 45.98548, 11.54039, 1655.5),
	(3, 330, 45.98473, 11.53925, 1666.3),
	(3, 331, 45.98438, 11.53935, 1663.1),
	(3, 332, 45.98408, 11.5398, 1664.2),
	(3, 333, 45.98344, 11.54, 1668.4),
	(3, 334, 45.9831, 11.54054, 1670.7),
	(3, 335, 45.98222, 11.54298, 1638.8),
	(3, 336, 45.98223, 11.54363, 1638.2),
	(3, 337, 45.98259, 11.54411, 1640.3),
	(3, 338, 45.98408, 11.54494, 1640.4),
	(3, 339, 45.98432, 11.54533, 1642.1),
	(3, 340, 45.98436, 11.54773, 1645.2),
	(3, 341, 45.98374, 11.54788, 1649.6),
	(3, 342, 45.98355, 11.54827, 1650),
	(3, 343, 45.98379, 11.54913, 1644.4),
	(3, 344, 45.9833, 11.54963, 1636.4),
	(3, 345, 45.98358, 11.55019, 1629.8),
	(3, 346, 45.98201, 11.55072, 1623.9),
	(3, 347, 45.98145, 11.55169, 1615.1),
	(3, 348, 45.98144, 11.55204, 1611.3),
	(3, 349, 45.98173, 11.55351, 1603.9),
	(3, 350, 45.98237, 11.55423, 1592.7),
	(3, 351, 45.98292, 11.55521, 1583.5),
	(3, 352, 45.98312, 11.5572, 1573.3),
	(3, 353, 45.98364, 11.55787, 1568.9),
	(3, 354, 45.98353, 11.55828, 1565.4),
	(3, 355, 45.98246, 11.56004, 1572.2),
	(3, 356, 45.98202, 11.56116, 1564.5),
	(3, 357, 45.98134, 11.56215, 1565.8),
	(3, 358, 45.98096, 11.56337, 1556.4),
	(3, 359, 45.98039, 11.56363, 1571.2),
	(3, 360, 45.98026, 11.56399, 1569.2),
	(3, 361, 45.98, 11.56502, 1562),
	(3, 362, 45.98059, 11.56615, 1554.5),
	(3, 363, 45.98088, 11.56735, 1547.8),
	(3, 364, 45.9807, 11.56822, 1543.7),
	(3, 365, 45.98045, 11.56816, 1544.1),
	(3, 366, 45.9796, 11.56915, 1535.2),
	(3, 367, 45.97913, 11.5692, 1533.8),
	(3, 368, 45.97872, 11.56958, 1531.1),
	(3, 369, 45.9785, 11.56958, 1529.9),
	(3, 370, 45.97561, 11.56747, 1539.8),
	(3, 371, 45.97475, 11.56734, 1544.1),
	(3, 372, 45.97435, 11.56761, 1539),
	(3, 373, 45.97263, 11.56771, 1535.7),
	(3, 374, 45.97181, 11.56735, 1536.9),
	(3, 375, 45.97149, 11.56674, 1537.1),
	(3, 376, 45.97143, 11.56609, 1538.3),
	(3, 377, 45.97124, 11.56569, 1537.6),
	(3, 378, 45.97036, 11.56521, 1539.9),
	(3, 379, 45.97011, 11.56472, 1541.3),
	(3, 380, 45.97016, 11.56385, 1542.5),
	(3, 381, 45.9693, 11.56511, 1548.6),
	(3, 382, 45.9687, 11.56548, 1547),
	(3, 383, 45.96787, 11.56474, 1548.5),
	(3, 384, 45.96588, 11.56161, 1558.6),
	(3, 385, 45.96563, 11.56084, 1555.3),
	(3, 386, 45.9654, 11.55895, 1554.2),
	(3, 387, 45.96565, 11.55796, 1555.1),
	(3, 388, 45.96598, 11.55743, 1556.5),
	(3, 389, 45.96596, 11.55687, 1556.3),
	(3, 390, 45.9648, 11.55532, 1559.2),
	(3, 391, 45.9645, 11.55506, 1564.1),
	(3, 392, 45.96346, 11.55531, 1562.3),
	(3, 393, 45.96267, 11.55426, 1574.2),
	(3, 394, 45.96244, 11.55421, 1574.5),
	(3, 395, 45.96117, 11.55447, 1577.9),
	(3, 396, 45.96044, 11.55485, 1579),
	(3, 397, 45.96018, 11.55522, 1576.5),
	(3, 398, 45.95975, 11.55546, 1575.2),
	(3, 399, 45.95808, 11.55547, 1580),
	(3, 400, 45.95775, 11.55483, 1584),
	(3, 401, 45.95712, 11.55491, 1578.8),
	(3, 402, 45.95706, 11.55404, 1582.5),
	(3, 403, 45.95682, 11.55352, 1584.9),
	(3, 404, 45.95646, 11.55325, 1583.3),
	(3, 405, 45.95628, 11.55144, 1595.1),
	(3, 406, 45.95558, 11.55119, 1600.1),
	(3, 407, 45.9552, 11.55126, 1606),
	(3, 408, 45.95516, 11.55301, 1591.6),
	(3, 409, 45.95499, 11.55351, 1592.7),
	(3, 410, 45.95409, 11.55452, 1596.3),
	(3, 411, 45.95369, 11.55467, 1597.8),
	(3, 412, 45.95356, 11.55527, 1594.7),
	(3, 413, 45.95337, 11.55541, 1595.2),
	(3, 414, 45.9524, 11.55537, 1600.8),
	(3, 415, 45.95143, 11.55464, 1604.3),
	(3, 416, 45.94774, 11.55385, 1615.8),
	(3, 417, 45.94691, 11.55495, 1613.5),
	(3, 418, 45.94672, 11.55501, 1614.8),
	(3, 419, 45.94654, 11.55479, 1613.8),
	(3, 420, 45.94651, 11.55419, 1611.2),
	(3, 421, 45.94674, 11.55316, 1613.6),
	(3, 422, 45.94572, 11.55455, 1605.8),
	(3, 423, 45.94532, 11.55393, 1594.9),
	(3, 424, 45.94541, 11.55329, 1589.4),
	(3, 425, 45.94506, 11.5522, 1584),
	(3, 426, 45.94492, 11.55221, 1581.5),
	(3, 427, 45.94473, 11.55295, 1578.6),
	(3, 428, 45.94357, 11.55474, 1572.6),
	(3, 429, 45.94319, 11.55347, 1556.6),
	(3, 430, 45.94287, 11.55331, 1553.2),
	(3, 431, 45.9418, 11.55338, 1544.7),
	(3, 432, 45.94109, 11.55392, 1542.7),
	(3, 433, 45.94043, 11.55398, 1532.6),
	(3, 434, 45.93914, 11.555, 1521),
	(3, 435, 45.93757, 11.55712, 1514),
	(3, 436, 45.93651, 11.55783, 1504.2),
	(3, 437, 45.9355, 11.5576, 1501.4),
	(3, 438, 45.93464, 11.55765, 1498.3),
	(3, 439, 45.93234, 11.55843, 1486.5),
	(3, 440, 45.92949, 11.56005, 1482.7),
	(3, 441, 45.9284, 11.5599, 1480.3),
	(3, 442, 45.927, 11.56039, 1473.4),
	(3, 443, 45.92431, 11.56065, 1466.8),
	(3, 444, 45.92398, 11.56051, 1467.7),
	(3, 445, 45.92257, 11.56109, 1462.6),
	(3, 446, 45.92205, 11.56094, 1453.4),
	(3, 447, 45.92142, 11.56106, 1449),
	(3, 448, 45.92043, 11.56154, 1438.2),
	(3, 449, 45.9192, 11.56174, 1428.2),
	(3, 450, 45.91882, 11.5621, 1431.1),
	(3, 451, 45.91733, 11.56466, 1426.2),
	(3, 452, 45.91585, 11.56612, 1416),
	(3, 453, 45.91513, 11.56666, 1409.9),
	(3, 454, 45.91261, 11.56783, 1392.7),
	(3, 455, 45.91127, 11.56772, 1376.2),
	(3, 456, 45.91013, 11.56813, 1353.6),
	(3, 457, 45.90807, 11.56841, 1319.3),
	(3, 458, 45.90703, 11.56795, 1312.4),
	(3, 459, 45.90466, 11.56619, 1280.9),
	(3, 460, 45.90213, 11.56468, 1235),
	(3, 461, 45.90144, 11.56364, 1229.7),
	(3, 462, 45.90113, 11.56164, 1220.7),
	(3, 463, 45.90077, 11.56114, 1213.7),
	(3, 464, 45.9004, 11.56016, 1219),
	(3, 465, 45.89959, 11.56127, 1188.7),
	(3, 466, 45.89875, 11.56075, 1181.7),
	(3, 467, 45.89753, 11.55905, 1185.3),
	(3, 468, 45.89632, 11.55911, 1175.6),
	(3, 469, 45.89599, 11.5606, 1137.4),
	(3, 470, 45.89559, 11.56084, 1133.6),
	(3, 471, 45.89303, 11.5576, 1117.4),
	(3, 472, 45.89239, 11.55628, 1110.4),
	(3, 473, 45.89212, 11.55473, 1104.3),
	(3, 474, 45.89198, 11.5524, 1094.1),
	(3, 475, 45.89251, 11.54783, 1086.6),
	(3, 476, 45.89301, 11.54658, 1083.6),
	(3, 477, 45.89301, 11.54598, 1081.5),
	(3, 478, 45.89259, 11.54421, 1075.5),
	(3, 479, 45.89196, 11.54308, 1073.9),
	(3, 480, 45.89021, 11.54142, 1071.5),
	(3, 481, 45.88942, 11.54101, 1072.4),
	(3, 482, 45.888, 11.54072, 1070.8),
	(3, 483, 45.88683, 11.53953, 1073.4),
	(3, 484, 45.8849, 11.53666, 1062.4),
	(3, 485, 45.88388, 11.53454, 1055.9),
	(3, 486, 45.88338, 11.53384, 1052.3),
	(3, 487, 45.8823, 11.53283, 1047.5),
	(3, 488, 45.88147, 11.5316, 1034.4),
	(3, 489, 45.88063, 11.52841, 1030.6),
	(3, 490, 45.88044, 11.52651, 1031.1),
	(3, 491, 45.88058, 11.52362, 1026.5),
	(3, 492, 45.88047, 11.52233, 1025.6),
	(3, 493, 45.87828, 11.51459, 1008.7),
	(3, 494, 45.87595, 11.5086, 1001.3),
	(3, 495, 45.87565, 11.50851, 1000.5),
	(3, 496, 45.87511, 11.50867, 1000.5),
	(3, 497, 45.87464, 11.50788, 999.9),
	(3, 498, 45.87283, 11.50683, 1004.1),
	(3, 499, 45.87219, 11.50714, 1005.5),
	(3, 500, 45.87205, 11.50677, 1009),
	(15, 1, 45.952642774, 11.49509632, 1619),
	(15, 2, 45.95265585, 11.495136553, 1618),
	(15, 3, 45.952822734, 11.495081736, 1619.5),
	(15, 4, 45.953257084, 11.495115766, 1618),
	(15, 5, 45.953477444, 11.495041922, 1616.6),
	(15, 6, 45.953795705, 11.495191539, 1622.8),
	(15, 7, 45.954079768, 11.495193383, 1623.3),
	(15, 8, 45.954210442, 11.495360769, 1619),
	(15, 9, 45.954603218, 11.494982578, 1622.4),
	(15, 10, 45.95479181, 11.494914684, 1626.7),
	(15, 11, 45.954990629, 11.494975537, 1629.6),
	(15, 12, 45.955187185, 11.494964641, 1632.9),
	(15, 13, 45.955259688, 11.495012082, 1632.9),
	(15, 14, 45.955391619, 11.49501401, 1635.3),
	(15, 15, 45.95566554, 11.495122556, 1639.7),
	(15, 16, 45.955736367, 11.495233783, 1640.6),
	(15, 17, 45.956111373, 11.495288936, 1645.4),
	(15, 18, 45.956244729, 11.495498652, 1648.3),
	(15, 19, 45.956578078, 11.495766956, 1650.7),
	(15, 20, 45.956653683, 11.495939624, 1653.1),
	(15, 21, 45.956653263, 11.495898217, 1652.2),
	(15, 22, 45.956720822, 11.495835437, 1650.2),
	(15, 23, 45.956975045, 11.495886063, 1649.3),
	(15, 24, 45.957156261, 11.495862929, 1651.2),
	(15, 25, 45.957776271, 11.495928727, 1659.9),
	(15, 26, 45.957924295, 11.495821355, 1661.8),
	(15, 27, 45.958093023, 11.495761592, 1664.2),
	(15, 28, 45.958370548, 11.495482642, 1671.9),
	(15, 29, 45.95840726, 11.495355237, 1673.8),
	(15, 30, 45.958521925, 11.495174356, 1676.2),
	(15, 31, 45.958534833, 11.495093303, 1677.6),
	(15, 32, 45.958942026, 11.494499529, 1687.3),
	(15, 33, 45.959072616, 11.494448483, 1692.1),
	(15, 34, 45.95915853, 11.494308757, 1693.5),
	(15, 35, 45.95949607, 11.494137682, 1699.7),
	(15, 36, 45.95977569, 11.493775332, 1707.9),
	(15, 37, 45.960011808, 11.493646586, 1716.6),
	(15, 38, 45.960048772, 11.493592104, 1719),
	(15, 39, 45.960104764, 11.493594116, 1721.9),
	(15, 40, 45.960299224, 11.493467465, 1727.1),
	(15, 41, 45.96041196, 11.493462604, 1730.5),
	(15, 42, 45.960478429, 11.49341248, 1731.5),
	(15, 43, 45.960596697, 11.493215756, 1733.9),
	(15, 44, 45.960909259, 11.493039904, 1736.8),
	(15, 45, 45.961329443, 11.493081646, 1743),
	(15, 46, 45.961549049, 11.492996318, 1745.9),
	(15, 47, 45.961701516, 11.493002772, 1747.3),
	(15, 48, 45.961981555, 11.49289255, 1750.2),
	(15, 49, 45.962065961, 11.492908224, 1751.2),
	(15, 50, 45.962160006, 11.493018782, 1752.6),
	(15, 51, 45.962614808, 11.49287696, 1756.5),
	(15, 52, 45.962760905, 11.492960947, 1758.4),
	(15, 53, 45.962927118, 11.492882408, 1758.4),
	(15, 54, 45.962910186, 11.492895903, 1757.9),
	(15, 55, 45.963065755, 11.492959354, 1762.7),
	(15, 56, 45.963318385, 11.49283505, 1768),
	(15, 57, 45.963502033, 11.492645368, 1773.3),
	(15, 58, 45.963632287, 11.492569428, 1776.7),
	(15, 59, 45.963674616, 11.492494661, 1779.5),
	(15, 60, 45.963748461, 11.492487201, 1781.9),
	(15, 61, 45.964024477, 11.492318474, 1785.8),
	(15, 62, 45.964166634, 11.492292238, 1789.2),
	(15, 63, 45.96430284, 11.492115548, 1793.5),
	(15, 64, 45.964810699, 11.491874317, 1802.6),
	(15, 65, 45.964930896, 11.491745906, 1803.6),
	(15, 66, 45.965272207, 11.491568126, 1808.9),
	(15, 67, 45.965323923, 11.491482966, 1810.8),
	(15, 68, 45.965433642, 11.49140669, 1811.3),
	(15, 69, 45.965685183, 11.491096476, 1809.3),
	(15, 70, 45.965693314, 11.491045346, 1809.8),
	(15, 71, 45.966055999, 11.490793554, 1809.3),
	(15, 72, 45.966200838, 11.490640836, 1811.7),
	(15, 73, 45.96631919, 11.490598256, 1813.7),
	(15, 74, 45.966484901, 11.490446795, 1816.5),
	(15, 75, 45.966632757, 11.490396922, 1816.1),
	(15, 76, 45.966835348, 11.490428271, 1817.5),
	(15, 77, 45.967013463, 11.490396252, 1819),
	(15, 78, 45.967273889, 11.490469929, 1823.8),
	(15, 79, 45.967468852, 11.490421817, 1828.6),
	(15, 80, 45.96768125, 11.490501612, 1836.3),
	(15, 81, 45.967861461, 11.490236493, 1843),
	(15, 82, 45.968128843, 11.49010364, 1852.1),
	(15, 83, 45.968360854, 11.490163989, 1855),
	(15, 84, 45.968740303, 11.49000247, 1859.8),
	(15, 85, 45.96883636, 11.490060138, 1861.7),
	(15, 86, 45.969381519, 11.4900997, 1864.1),
	(15, 87, 45.969620235, 11.490242528, 1863.2),
	(15, 88, 45.969735235, 11.490425589, 1865.1),
	(15, 89, 45.970145613, 11.490436988, 1871.8),
	(15, 90, 45.970360273, 11.490301201, 1876.2),
	(15, 91, 45.970446104, 11.49028955, 1879.5),
	(15, 92, 45.970579041, 11.490159128, 1883.4),
	(15, 93, 45.970814908, 11.490127025, 1885.8),
	(15, 94, 45.970909875, 11.490157954, 1886.7),
	(15, 95, 45.971007356, 11.490129037, 1888.2),
	(15, 96, 45.97115228, 11.48988219, 1892.5),
	(15, 97, 45.971572967, 11.489439541, 1896.3),
	(15, 98, 45.971613871, 11.489332756, 1893.5),
	(15, 99, 45.971836662, 11.489235023, 1884.8),
	(15, 100, 45.972257601, 11.489290763, 1882.4),
	(15, 101, 45.972420797, 11.489275927, 1882.9),
	(15, 102, 45.973088164, 11.48953476, 1891.5),
	(15, 103, 45.973302405, 11.489454545, 1893.5),
	(15, 104, 45.973447831, 11.489196299, 1897.8),
	(15, 105, 45.973519916, 11.488882061, 1902.6),
	(15, 106, 45.973597113, 11.488746526, 1904.5),
	(15, 107, 45.973625947, 11.488543767, 1906.9),
	(15, 108, 45.973780677, 11.488128779, 1911.2),
	(15, 109, 45.97397279, 11.487726867, 1909.8),
	(15, 110, 45.974017382, 11.487432411, 1914.1),
	(15, 111, 45.974078989, 11.487360997, 1917),
	(15, 112, 45.974545525, 11.487267623, 1918.9),
	(15, 113, 45.974592799, 11.487193946, 1917.5),
	(15, 114, 45.974841239, 11.487187659, 1916),
	(15, 115, 45.974975098, 11.487237783, 1914.6),
	(15, 116, 45.975161679, 11.48721314, 1918.4),
	(15, 117, 45.975320013, 11.487379437, 1916.5),
	(15, 118, 45.975604663, 11.487203082, 1921.8),
	(15, 119, 45.97585964, 11.487187576, 1927.6),
	(15, 120, 45.976198185, 11.486940561, 1935.3),
	(15, 121, 45.976265492, 11.486945758, 1934.3),
	(15, 122, 45.976408822, 11.486843582, 1937.2),
	(15, 123, 45.976667488, 11.486737886, 1938.2),
	(15, 124, 45.976872761, 11.48685012, 1938.2),
	(15, 125, 45.977075687, 11.486827573, 1938.2),
	(15, 126, 45.97745195, 11.486620624, 1941.5),
	(15, 127, 45.977587318, 11.486642836, 1941),
	(15, 128, 45.978060141, 11.486535212, 1947.8),
	(15, 129, 45.978119904, 11.486440748, 1950.2),
	(15, 130, 45.978238927, 11.486404454, 1951.6),
	(15, 131, 45.978544783, 11.486147465, 1956.9),
	(15, 132, 45.978686437, 11.486121565, 1960.7),
	(15, 133, 45.978778303, 11.485981504, 1963.6),
	(15, 134, 45.979017857, 11.485958956, 1965.1),
	(15, 135, 45.979072675, 11.486001872, 1966),
	(15, 136, 45.979274428, 11.48602182, 1968.4),
	(15, 137, 45.980124688, 11.485930039, 1971.3),
	(15, 138, 45.980440769, 11.485781595, 1969.4),
	(15, 139, 45.980510591, 11.485677157, 1969.9),
	(15, 140, 45.980606228, 11.485403152, 1971.3),
	(15, 141, 45.98062953, 11.485052034, 1973.7),
	(15, 142, 45.980576389, 11.4848476, 1975.2),
	(15, 143, 45.980239101, 11.484769648, 1978.5),
	(15, 144, 45.979999462, 11.48446857, 1978.5),
	(15, 145, 45.979779856, 11.484455662, 1978.5),
	(15, 146, 45.979506522, 11.484290957, 1979),
	(15, 147, 45.979433516, 11.484208396, 1979.5),
	(15, 148, 45.979089439, 11.484065317, 1980.9),
	(15, 149, 45.9790166, 11.483999435, 1981.4),
	(15, 150, 45.978910066, 11.483607162, 1983.8),
	(15, 151, 45.978730274, 11.483163089, 1984.8),
	(15, 152, 45.978558278, 11.482923618, 1983.3),
	(15, 153, 45.978279579, 11.482283324, 1983.3),
	(15, 154, 45.978222331, 11.481991131, 1982.9),
	(15, 155, 45.978237335, 11.481811842, 1982.4),
	(15, 156, 45.978317298, 11.48150892, 1984.3),
	(15, 157, 45.978393741, 11.481363242, 1984.8),
	(15, 158, 45.978503963, 11.480918666, 1986.7),
	(15, 159, 45.978519134, 11.480575008, 1986.2),
	(15, 160, 45.978578562, 11.480484065, 1987.7),
	(15, 161, 45.978603456, 11.480319193, 1989.6),
	(15, 162, 45.978673613, 11.480194135, 1992),
	(15, 163, 45.97871284, 11.479917867, 1995.8),
	(15, 164, 45.978700183, 11.479827007, 1997.3),
	(15, 165, 45.978751145, 11.479737489, 1998.7),
	(15, 166, 45.979170576, 11.479777889, 1999.2),
	(15, 167, 45.979228746, 11.47967848, 1997.3),
	(15, 168, 45.97915398, 11.479529282, 1996.8),
	(15, 169, 45.979245342, 11.479011113, 1998.2),
	(15, 170, 45.979306782, 11.478833584, 1998.7),
	(15, 171, 45.979470061, 11.478600735, 2001.1),
	(15, 172, 45.979587995, 11.478543235, 2003),
	(15, 173, 45.979639124, 11.478162864, 2006.4),
	(15, 174, 45.979773737, 11.478013247, 2007.4),
	(15, 175, 45.979939699, 11.47800168, 2009.3),
	(15, 176, 45.980126951, 11.477808729, 2011.2),
	(15, 177, 45.980135752, 11.477687946, 2012.2),
	(15, 178, 45.980044976, 11.477381168, 2014.6),
	(15, 179, 45.980041036, 11.477152761, 2017.5),
	(15, 180, 45.980005329, 11.477053687, 2017.9),
	(15, 181, 45.979900891, 11.476963079, 2019.4),
	(15, 182, 45.979674831, 11.476923013, 2021.8),
	(15, 183, 45.979524795, 11.476822346, 2024.2),
	(15, 184, 45.979567124, 11.476724949, 2024.2),
	(15, 185, 45.979637112, 11.476689829, 2025.2),
	(15, 186, 45.979638873, 11.476530405, 2028),
	(15, 187, 45.979567459, 11.476461841, 2029),
	(15, 188, 45.979271494, 11.476473743, 2033.8),
	(15, 189, 45.978974104, 11.476336783, 2038.1),
	(15, 190, 45.978910904, 11.476534177, 2041.5),
	(15, 191, 45.978862708, 11.476567872, 2042.9),
	(15, 192, 45.978737986, 11.476331754, 2044.9),
	(15, 193, 45.978697753, 11.476126229, 2047.3),
	(15, 194, 45.97872382, 11.476007542, 2049.2),
	(15, 195, 45.978889531, 11.475677378, 2052.6),
	(15, 196, 45.978795066, 11.475380324, 2056.9),
	(15, 197, 45.978796072, 11.475228695, 2057.4),
	(15, 198, 45.978809483, 11.475256188, 2057.4),
	(15, 199, 45.978744524, 11.475103637, 2058.3),
	(15, 200, 45.978581663, 11.475030882, 2058.3),
	(15, 201, 45.978472279, 11.475104727, 2058.3),
	(15, 202, 45.978320651, 11.47536708, 2058.8),
	(15, 203, 45.978081515, 11.47534403, 2057.8),
	(15, 204, 45.977804158, 11.475256104, 2058.3),
	(15, 205, 45.977591509, 11.475072205, 2059.3),
	(15, 206, 45.977534093, 11.475071199, 2058.8),
	(15, 207, 45.97761347, 11.475069271, 2059.3),
	(15, 208, 45.977685051, 11.475149486, 2060.2),
	(15, 209, 45.977583714, 11.475176308, 2062.6),
	(15, 210, 45.977518251, 11.475077989, 2058.3),
	(15, 211, 45.977186831, 11.475257864, 2056.4),
	(15, 212, 45.97684267, 11.475235652, 2055.9),
	(15, 213, 45.976653574, 11.475106403, 2053.5),
	(15, 214, 45.976467915, 11.475127861, 2051.6),
	(15, 215, 45.976129118, 11.475345371, 2048.7),
	(15, 216, 45.975851761, 11.475182008, 2044.9),
	(15, 217, 45.975801134, 11.475230455, 2042.9),
	(15, 218, 45.975518329, 11.475238837, 2041),
	(15, 219, 45.975383716, 11.475370768, 2039.1),
	(15, 220, 45.975187244, 11.475728005, 2036.2),
	(15, 221, 45.975213731, 11.475756839, 2035.7),
	(15, 222, 45.974928327, 11.475886758, 2030.4),
	(15, 223, 45.974690532, 11.476142155, 2026.6),
	(15, 224, 45.974494899, 11.476422362, 2024.2),
	(15, 225, 45.974185942, 11.476667449, 2020.8),
	(15, 226, 45.974063314, 11.476850845, 2019.4),
	(15, 227, 45.974034732, 11.477052346, 2017.9),
	(15, 228, 45.973969102, 11.4771479, 2016.5),
	(15, 229, 45.973710017, 11.477247309, 2013.1),
	(15, 230, 45.973536344, 11.477239765, 2011.2),
	(15, 231, 45.973562999, 11.477268515, 2011.2),
	(15, 232, 45.973506672, 11.477844017, 2007.9),
	(15, 233, 45.973399132, 11.477991873, 2007.4),
	(15, 234, 45.973197129, 11.478081392, 2005.4),
	(15, 235, 45.972905103, 11.478097904, 2002.1),
	(15, 236, 45.972706536, 11.478204941, 1997.3),
	(15, 237, 45.972202783, 11.478216089, 1991.5),
	(15, 238, 45.971759884, 11.478100503, 1987.2),
	(15, 239, 45.971497362, 11.477950383, 1982.9),
	(15, 240, 45.971223861, 11.477860026, 1980.9),
	(15, 241, 45.970849441, 11.47758577, 1977.1),
	(15, 242, 45.970605696, 11.477475297, 1975.6),
	(15, 243, 45.970339486, 11.477587866, 1972.3),
	(15, 244, 45.969921816, 11.477288129, 1968.9),
	(15, 245, 45.96974303, 11.477262313, 1966.5),
	(15, 246, 45.96960322, 11.476823688, 1963.6),
	(15, 247, 45.969456369, 11.476709945, 1962.7),
	(15, 248, 45.969257215, 11.476710197, 1959.8),
	(15, 249, 45.969066359, 11.476634257, 1958.3),
	(15, 250, 45.968993353, 11.476493943, 1955.9),
	(15, 251, 45.969082788, 11.475828839, 1953.1),
	(15, 252, 45.96905563, 11.475678049, 1952.6),
	(15, 253, 45.968709122, 11.475623483, 1950.2),
	(15, 254, 45.968669392, 11.475583334, 1949.7),
	(15, 255, 45.968517428, 11.475068266, 1947.8),
	(15, 256, 45.968419779, 11.474912614, 1945.4),
	(15, 257, 45.967962127, 11.474563926, 1941.5),
	(15, 258, 45.967723159, 11.474315487, 1938.6),
	(15, 259, 45.967453094, 11.474127229, 1933.8),
	(15, 260, 45.967332479, 11.473955484, 1933.3),
	(15, 261, 45.967281349, 11.473635044, 1930.5),
	(15, 262, 45.967158638, 11.47342273, 1929),
	(15, 263, 45.966990832, 11.47334394, 1928.1),
	(15, 264, 45.96677064, 11.473352574, 1925.7),
	(15, 265, 45.966691682, 11.473137913, 1923.7),
	(15, 266, 45.966694951, 11.472925516, 1921.8),
	(15, 267, 45.966864601, 11.472491082, 1918.4),
	(15, 268, 45.966794109, 11.472244738, 1917),
	(15, 269, 45.966778183, 11.472000489, 1916),
	(15, 270, 45.966808274, 11.471800664, 1915.1),
	(15, 271, 45.966807185, 11.471334882, 1911.2),
	(15, 272, 45.96644911, 11.47095493, 1907.9),
	(15, 273, 45.966363279, 11.470943028, 1906.4),
	(15, 274, 45.966416337, 11.471066074, 1906.9),
	(15, 275, 45.966629991, 11.471300181, 1903.5),
	(15, 276, 45.966721606, 11.471564462, 1901.1),
	(15, 277, 45.966519853, 11.47233367, 1894.9),
	(15, 278, 45.966222631, 11.472816635, 1890.1),
	(15, 279, 45.96613613, 11.472785957, 1889.6),
	(15, 280, 45.966121545, 11.472704904, 1889.6),
	(15, 281, 45.966253979, 11.472358564, 1886.2),
	(15, 282, 45.966320867, 11.471938547, 1883.8),
	(15, 283, 45.966384234, 11.471798737, 1882.9),
	(15, 284, 45.966326063, 11.471526995, 1880.5),
	(15, 285, 45.965875871, 11.471196078, 1876.2),
	(15, 286, 45.965734636, 11.471010838, 1873.3),
	(15, 287, 45.9655271, 11.470593922, 1869.4),
	(15, 288, 45.965358792, 11.470375657, 1868),
	(15, 289, 45.965275727, 11.47017776, 1866.5),
	(15, 290, 45.965113789, 11.469976259, 1865.1),
	(15, 291, 45.965105658, 11.469911132, 1865.6),
	(15, 292, 45.965222251, 11.469529588, 1863.2),
	(15, 293, 45.965305818, 11.469431603, 1863.2),
	(15, 294, 45.965298275, 11.46926648, 1863.2),
	(15, 295, 45.96515771, 11.468973197, 1860.8),
	(15, 296, 45.965047069, 11.468425943, 1860.3),
	(15, 297, 45.964800473, 11.467932332, 1857.4),
	(15, 298, 45.964607187, 11.46779093, 1856.9),
	(15, 299, 45.964220362, 11.467741644, 1855),
	(15, 300, 45.964007964, 11.46780015, 1853.6),
	(15, 301, 45.963965217, 11.467861086, 1853.1),
	(15, 302, 45.963889947, 11.46817876, 1851.2),
	(15, 303, 45.96367076, 11.468577152, 1848.3),
	(15, 304, 45.96358493, 11.4688903, 1846.3),
	(15, 305, 45.963492896, 11.469674427, 1845.9),
	(15, 306, 45.963394744, 11.469633104, 1845.9),
	(15, 307, 45.963472361, 11.469622627, 1846.3),
	(15, 308, 45.963151585, 11.469722539, 1846.8),
	(15, 309, 45.96306324, 11.469686329, 1846.8),
	(15, 310, 45.962305348, 11.469687754, 1849.2),
	(15, 311, 45.961749125, 11.469035558, 1851.2),
	(15, 312, 45.961134899, 11.468802709, 1845.9),
	(15, 313, 45.960903391, 11.468611602, 1840.1),
	(15, 314, 45.960653275, 11.468598945, 1832.4),
	(15, 315, 45.960629303, 11.468564831, 1829.5),
	(15, 316, 45.960629471, 11.468448825, 1826.6),
	(15, 317, 45.960525954, 11.468299879, 1821.4),
	(15, 318, 45.960485721, 11.467957981, 1816.1),
	(15, 319, 45.960534671, 11.467903163, 1815.6),
	(15, 320, 45.96051665, 11.467262367, 1812.2),
	(15, 321, 45.96048086, 11.467115181, 1810.3),
	(15, 322, 45.960192522, 11.46693849, 1806.9),
	(15, 323, 45.95994995, 11.466899095, 1805.5),
	(15, 324, 45.959780049, 11.466781581, 1803.6),
	(15, 325, 45.959454495, 11.466714861, 1799.7),
	(15, 326, 45.959008411, 11.466701198, 1796.4),
	(15, 327, 45.958385216, 11.46626777, 1792.5),
	(15, 328, 45.95804424, 11.46619929, 1788.7),
	(15, 329, 45.957921445, 11.466127122, 1787.2),
	(15, 330, 45.957939466, 11.466260729, 1788.2),
	(15, 331, 45.957860593, 11.466256371, 1787.2),
	(15, 332, 45.957751041, 11.466630623, 1785.3),
	(15, 333, 45.957744336, 11.467020968, 1783.9),
	(15, 334, 45.95760419, 11.467251973, 1782.4),
	(15, 335, 45.957397325, 11.467451546, 1781),
	(15, 336, 45.956919473, 11.468234919, 1777.1),
	(15, 337, 45.956293261, 11.468797764, 1775.2),
	(15, 338, 45.955544254, 11.469031367, 1775.7),
	(15, 339, 45.955362869, 11.469050227, 1777.1),
	(15, 340, 45.954853166, 11.469351891, 1777.6),
	(15, 341, 45.954430383, 11.469438728, 1777.1),
	(15, 342, 45.953588001, 11.469791271, 1778.1),
	(15, 343, 45.953320116, 11.470043734, 1778.1),
	(15, 344, 45.95331559, 11.47008799, 1778.1),
	(15, 345, 45.953310812, 11.470055804, 1777.6),
	(15, 346, 45.952556022, 11.470716717, 1779.1),
	(15, 347, 45.952446889, 11.470862562, 1779.1),
	(15, 348, 45.952219069, 11.471032128, 1779.5),
	(15, 349, 45.951946573, 11.471311077, 1779.1),
	(15, 350, 45.951719424, 11.471405206, 1779.5),
	(15, 351, 45.951275937, 11.471374277, 1781.5),
	(15, 352, 45.950943679, 11.471177051, 1782.9),
	(15, 353, 45.950552663, 11.471044198, 1785.8),
	(15, 354, 45.949780354, 11.470988709, 1788.2),
	(15, 355, 45.949540129, 11.470929785, 1788.7),
	(15, 356, 45.949205104, 11.470924253, 1790.1),
	(15, 357, 45.949126566, 11.471007233, 1791.6),
	(15, 358, 45.948987259, 11.471309904, 1790.6),
	(15, 359, 45.948541677, 11.471550297, 1785.8),
	(15, 360, 45.94838527, 11.471699914, 1783.9),
	(15, 361, 45.948164826, 11.471813656, 1781.9),
	(15, 362, 45.948111769, 11.471892362, 1781.5),
	(15, 363, 45.948129455, 11.472109454, 1781),
	(15, 364, 45.948107829, 11.472129654, 1781),
	(15, 365, 45.948129036, 11.47211004, 1781),
	(15, 366, 45.948108248, 11.472125715, 1781.5),
	(15, 367, 45.948166754, 11.47224105, 1781.5),
	(15, 368, 45.948213274, 11.47246887, 1781.5),
	(15, 369, 45.94820112, 11.472671712, 1782.4),
	(15, 370, 45.948140016, 11.472870782, 1781.9),
	(15, 371, 45.947883865, 11.473130705, 1782.4),
	(15, 372, 45.947413305, 11.473292978, 1783.9),
	(15, 373, 45.947344992, 11.473367577, 1784.3),
	(15, 374, 45.947340215, 11.474044751, 1783.9),
	(15, 375, 45.947273662, 11.474178694, 1783.4),
	(15, 376, 45.946617611, 11.47475956, 1780.5),
	(15, 377, 45.946498672, 11.474818066, 1780),
	(15, 378, 45.946141938, 11.475118557, 1776.7),
	(15, 379, 45.945917387, 11.475205058, 1775.2),
	(15, 380, 45.945568029, 11.47547571, 1771.8),
	(15, 381, 45.945290839, 11.475612922, 1769),
	(15, 382, 45.944657587, 11.475780308, 1763.7),
	(15, 383, 45.944013102, 11.475766478, 1759.4),
	(15, 384, 45.943810847, 11.47572021, 1758.4),
	(15, 385, 45.943430811, 11.47579615, 1756.9),
	(15, 386, 45.943094697, 11.475731274, 1756.9),
	(15, 387, 45.94256077, 11.475845687, 1758.9),
	(15, 388, 45.942238653, 11.476040231, 1762.2),
	(15, 389, 45.941798436, 11.476200661, 1765.1),
	(15, 390, 45.941446479, 11.476112735, 1766.1),
	(15, 391, 45.941352937, 11.476149196, 1766.6),
	(15, 392, 45.941509176, 11.476138551, 1768.5),
	(15, 393, 45.941574974, 11.476177694, 1769),
	(15, 394, 45.941838082, 11.476147184, 1773.3),
	(15, 395, 45.941999853, 11.476203427, 1775.2),
	(15, 396, 45.942098675, 11.476141233, 1777.1),
	(15, 397, 45.942475442, 11.476087673, 1783.4),
	(15, 398, 45.942741316, 11.4761528, 1787.2),
	(15, 399, 45.942798732, 11.476212479, 1788.2),
	(15, 400, 45.942362538, 11.476477766, 1789.2),
	(15, 401, 45.942204539, 11.476423955, 1789.6),
	(15, 402, 45.941737834, 11.476622606, 1793),
	(15, 403, 45.94139535, 11.47683098, 1794.9),
	(15, 404, 45.941049429, 11.476963079, 1796.4),
	(15, 405, 45.940761175, 11.476975735, 1796.4),
	(15, 406, 45.940540982, 11.477089897, 1796.8),
	(15, 407, 45.940192798, 11.477361387, 1797.3),
	(15, 408, 45.939656692, 11.477480996, 1797.3),
	(15, 409, 45.93946944, 11.477569761, 1798.8),
	(15, 410, 45.938885892, 11.477646958, 1799.7),
	(15, 411, 45.938861584, 11.477731699, 1799.7),
	(15, 412, 45.93891196, 11.477966476, 1797.3),
	(15, 413, 45.938891089, 11.478148112, 1796.4),
	(15, 414, 45.93882571, 11.478208127, 1794.4),
	(15, 415, 45.93865145, 11.478154482, 1793.5),
	(15, 416, 45.938503845, 11.478010733, 1792.5),
	(15, 417, 45.938435281, 11.478054067, 1791.1),
	(15, 418, 45.938402927, 11.478166217, 1791.1),
	(15, 419, 45.938353976, 11.478766277, 1786.3),
	(15, 420, 45.938411979, 11.478959229, 1784.8),
	(15, 421, 45.938727725, 11.479456695, 1780.5),
	(15, 422, 45.9388988, 11.48017209, 1774.7),
	(15, 423, 45.939116562, 11.480349284, 1771.8),
	(15, 424, 45.939206919, 11.480621193, 1771.4),
	(15, 425, 45.939202476, 11.480752369, 1769.9),
	(15, 426, 45.939050345, 11.48126333, 1769.4),
	(15, 427, 45.939043807, 11.481408086, 1769.4),
	(15, 428, 45.939016733, 11.481428873, 1769),
	(15, 429, 45.938957138, 11.48168142, 1769),
	(15, 430, 45.938878683, 11.482277708, 1768.5),
	(15, 431, 45.938925454, 11.482620444, 1767),
	(15, 432, 45.939010782, 11.482749777, 1765.6),
	(15, 433, 45.939886356, 11.483057896, 1759.4),
	(15, 434, 45.940218028, 11.482983045, 1758.4),
	(15, 435, 45.940521453, 11.483091675, 1754.5),
	(15, 436, 45.941194603, 11.482763607, 1744.9),
	(15, 437, 45.941690896, 11.482852204, 1740.1),
	(15, 438, 45.942282574, 11.483193599, 1736.8),
	(15, 439, 45.942363879, 11.483283369, 1618.5),
	(15, 440, 45.942407297, 11.483246656, 1631),
	(15, 441, 45.942711644, 11.483428543, 1705.5),
	(15, 442, 45.942986822, 11.483481852, 1720.9),
	(15, 443, 45.943280775, 11.483711768, 1726.2),
	(15, 444, 45.943416478, 11.483942103, 1727.6),
	(15, 445, 45.943350848, 11.484200684, 1728.1),
	(15, 446, 45.943073407, 11.484573176, 1726.7),
	(15, 447, 45.942405872, 11.484784903, 1721.9),
	(15, 448, 45.942156343, 11.485088076, 1721.9),
	(15, 449, 45.942053916, 11.485396782, 1721.9),
	(15, 450, 45.942096915, 11.485922914, 1721.4),
	(15, 451, 45.942167323, 11.48617655, 1721.4),
	(15, 452, 45.942264721, 11.486326419, 1720.4),
	(15, 453, 45.942543838, 11.486494308, 1717.1),
	(15, 454, 45.942633944, 11.486609224, 1716.1),
	(15, 455, 45.942887245, 11.486650212, 1712.7),
	(15, 456, 45.94339326, 11.487057488, 1707.4),
	(15, 457, 45.943580009, 11.487017926, 1704.6),
	(15, 458, 45.943641113, 11.486969311, 1703.6),
	(15, 459, 45.944112176, 11.486910889, 1697.8),
	(15, 460, 45.944394479, 11.486938968, 1694.9),
	(15, 461, 45.944486177, 11.486988589, 1694),
	(15, 462, 45.944918934, 11.487639528, 1692.5),
	(15, 463, 45.945001496, 11.48762838, 1691.6),
	(15, 464, 45.945018679, 11.487720245, 1690.6),
	(15, 465, 45.945020355, 11.487640869, 1690.6),
	(15, 466, 45.945134684, 11.487701554, 1689.7),
	(15, 467, 45.94601227, 11.487835832, 1682.9),
	(15, 468, 45.946328938, 11.487771543, 1680),
	(15, 469, 45.946660694, 11.487765172, 1677.2),
	(15, 470, 45.946748033, 11.487825438, 1676.7),
	(15, 471, 45.94695406, 11.488257777, 1674.3),
	(15, 472, 45.947069312, 11.488645356, 1672.8),
	(15, 473, 45.947442474, 11.489178026, 1668),
	(15, 474, 45.947497711, 11.48953585, 1666.6),
	(15, 475, 45.947537189, 11.489577508, 1665.6),
	(15, 476, 45.947877076, 11.48967851, 1661.8),
	(15, 477, 45.948159629, 11.48988001, 1658.4),
	(15, 478, 45.948158121, 11.489954358, 1657),
	(15, 479, 45.948063154, 11.489853943, 1655.5),
	(15, 480, 45.947815469, 11.489842627, 1653.1),
	(15, 481, 45.947844051, 11.48990415, 1649.8),
	(15, 482, 45.948095173, 11.490100455, 1646.9),
	(15, 483, 45.948692467, 11.491070576, 1639.7),
	(15, 484, 45.948818447, 11.491224719, 1636.8),
	(15, 485, 45.948944427, 11.491254559, 1635.3),
	(15, 486, 45.949349776, 11.491473997, 1630.5),
	(15, 487, 45.949495872, 11.491666362, 1628.6),
	(15, 488, 45.949785803, 11.491773734, 1626.2),
	(15, 489, 45.950473621, 11.492263321, 1619.5),
	(15, 490, 45.95061712, 11.492526345, 1617.6),
	(15, 491, 45.950661041, 11.492896657, 1616.6),
	(15, 492, 45.950809149, 11.493013669, 1614.7),
	(15, 493, 45.951249618, 11.493176948, 1609.9),
	(15, 494, 45.951541392, 11.493499987, 1606.5),
	(15, 495, 45.95183962, 11.494258465, 1607),
	(15, 496, 45.952102225, 11.494565913, 1606.5),
	(15, 497, 45.95231479, 11.494962797, 1607),
	(15, 498, 45.952391569, 11.495030606, 1606),
	(15, 499, 45.952600446, 11.495017279, 1605.5),
	(15, 500, 45.952599021, 11.49506514, 1606.5),
	(100, 1, 45.332795, 11.732551, 84.8),
	(100, 2, 45.331749, 11.732645, 78.5),
	(100, 3, 45.331109, 11.732537, 76.5),
	(100, 4, 45.330767, 11.732449, 78.1),
	(100, 5, 45.330482, 11.732355, 77.9),
	(100, 6, 45.330143, 11.732299, 77.8),
	(100, 7, 45.329758, 11.732151, 74.5),
	(100, 8, 45.329155, 11.731738, 69.1),
	(100, 9, 45.328791, 11.731572, 68.7),
	(100, 10, 45.328477, 11.7315, 65.6),
	(100, 11, 45.328214, 11.731488, 63.7),
	(100, 12, 45.327814, 11.731434, 60.7),
	(100, 13, 45.32748, 11.731457, 61.9),
	(100, 14, 45.326428, 11.731648, 60.9),
	(100, 15, 45.325783, 11.731537, 60.4),
	(100, 16, 45.325579, 11.731972, 61.5),
	(100, 17, 45.325364, 11.732478, 64.5),
	(100, 18, 45.325075, 11.732784, 64.6),
	(100, 19, 45.32475, 11.732975, 63.2),
	(100, 20, 45.323975, 11.732967, 57.5),
	(100, 21, 45.323436, 11.732983, 60.8),
	(100, 22, 45.323168, 11.732936, 64.2),
	(100, 23, 45.322857, 11.732784, 70),
	(100, 24, 45.322635, 11.732758, 69.4),
	(100, 25, 45.322493, 11.733023, 74.5),
	(100, 26, 45.322441, 11.733553, 75.8),
	(100, 27, 45.322334, 11.733724, 73.4),
	(100, 28, 45.322112, 11.733704, 76.5),
	(100, 29, 45.322051, 11.733191, 80.1),
	(100, 30, 45.32193, 11.733038, 84.5),
	(100, 31, 45.321805, 11.733357, 81.9),
	(100, 32, 45.321837, 11.73362, 83.2),
	(100, 33, 45.321855, 11.733959, 83.3),
	(100, 34, 45.321677, 11.733758, 81.9),
	(100, 35, 45.321628, 11.733329, 83),
	(100, 36, 45.32156, 11.733046, 84.6),
	(100, 37, 45.321324, 11.73304, 85.8),
	(100, 38, 45.321338, 11.733366, 86.3),
	(100, 39, 45.321423, 11.733612, 88.2),
	(100, 40, 45.321282, 11.733699, 87.3),
	(100, 41, 45.321074, 11.733527, 88.1),
	(100, 42, 45.320786, 11.733338, 91.1),
	(100, 43, 45.320569, 11.733273, 95.2),
	(100, 44, 45.32043, 11.73325, 96.8),
	(100, 45, 45.320294, 11.733159, 96.8),
	(100, 46, 45.320057, 11.733088, 92.1),
	(100, 47, 45.319662, 11.733128, 92.4),
	(100, 48, 45.31929, 11.732576, 85.2),
	(100, 49, 45.319014, 11.732439, 83.6),
	(100, 50, 45.318681, 11.732152, 78.3),
	(100, 51, 45.318498, 11.731709, 76.1),
	(100, 52, 45.318046, 11.731441, 74.9),
	(100, 53, 45.317877, 11.731151, 73.3),
	(100, 54, 45.317523, 11.730929, 71),
	(100, 55, 45.317286, 11.731164, 68.9),
	(100, 56, 45.316916, 11.731451, 66.2),
	(100, 57, 45.316494, 11.73157, 62),
	(100, 58, 45.315849, 11.731057, 57.5),
	(100, 59, 45.315303, 11.730667, 57.7),
	(100, 60, 45.314745, 11.730477, 55.5),
	(100, 61, 45.314289, 11.730061, 53.9),
	(100, 62, 45.313869, 11.729642, 56.3),
	(100, 63, 45.313696, 11.729347, 59.7),
	(100, 64, 45.313591, 11.728757, 62.7),
	(100, 65, 45.313419, 11.728801, 66.3),
	(100, 66, 45.313393, 11.729158, 67.6),
	(100, 67, 45.313337, 11.729418, 71),
	(100, 68, 45.312888, 11.729559, 72.6),
	(100, 69, 45.312651, 11.729534, 74.3),
	(100, 70, 45.31236, 11.729528, 75.6),
	(100, 71, 45.311862, 11.729716, 77.2),
	(100, 72, 45.310915, 11.730172, 71.3),
	(100, 73, 45.310312, 11.729997, 65.8),
	(100, 74, 45.309917, 11.729779, 62.1),
	(100, 75, 45.3096, 11.729525, 62.2),
	(100, 76, 45.309221, 11.729115, 60.9),
	(100, 77, 45.308767, 11.728567, 62.4),
	(100, 78, 45.308535, 11.728376, 60.9),
	(100, 79, 45.308398, 11.72865, 60.9),
	(100, 80, 45.308129, 11.729428, 64.1),
	(100, 81, 45.307964, 11.729954, 64.8),
	(100, 82, 45.307581, 11.731029, 62.8),
	(100, 83, 45.307436, 11.731495, 63.5),
	(100, 84, 45.307008, 11.732705, 65.7),
	(100, 85, 45.306861, 11.733218, 66.5),
	(100, 86, 45.30668, 11.733742, 64.5),
	(100, 87, 45.306506, 11.734029, 65.4),
	(100, 88, 45.306149, 11.734196, 67),
	(100, 89, 45.305899, 11.734485, 66.6),
	(100, 90, 45.305488, 11.734799, 67),
	(100, 91, 45.305206, 11.734933, 69),
	(100, 92, 45.304862, 11.735142, 69.9),
	(100, 93, 45.304408, 11.735278, 74.7),
	(100, 94, 45.30407, 11.735208, 72.1),
	(100, 95, 45.303741, 11.735311, 67.4),
	(100, 96, 45.303471, 11.735328, 63.5),
	(100, 97, 45.303228, 11.735423, 62.2),
	(100, 98, 45.302913, 11.735757, 64.1),
	(100, 99, 45.30257, 11.735967, 65.3),
	(100, 100, 45.30211, 11.736081, 67),
	(100, 101, 45.30174, 11.736023, 62.5),
	(100, 102, 45.301364, 11.735666, 55.6),
	(100, 103, 45.301171, 11.735362, 52.6),
	(100, 104, 45.300912, 11.73513, 54.4),
	(100, 105, 45.300536, 11.734999, 54.7),
	(100, 106, 45.3, 11.735047, 56.7),
	(100, 107, 45.29971, 11.735178, 56.2),
	(100, 108, 45.299428, 11.735503, 56.5),
	(100, 109, 45.299161, 11.735885, 56.8),
	(100, 110, 45.299031, 11.736252, 57.8),
	(100, 111, 45.298925, 11.736672, 57.5),
	(100, 112, 45.298715, 11.736983, 58.8),
	(100, 113, 45.298279, 11.737243, 59.3),
	(100, 114, 45.297377, 11.737696, 64.6),
	(100, 115, 45.297144, 11.7377, 67.6),
	(100, 116, 45.296905, 11.737535, 65.5),
	(100, 117, 45.296349, 11.736949, 56.1),
	(100, 118, 45.296051, 11.736665, 58.7),
	(100, 119, 45.295826, 11.736417, 58),
	(100, 120, 45.295616, 11.736067, 56.8),
	(100, 121, 45.295556, 11.735769, 59.5),
	(100, 122, 45.2954, 11.733764, 68.2),
	(100, 123, 45.295396, 11.732785, 65.2),
	(100, 124, 45.29545, 11.732088, 68.3),
	(100, 125, 45.295449, 11.731785, 68.9),
	(100, 126, 45.295413, 11.73133, 69.4),
	(100, 127, 45.295247, 11.730608, 69.2),
	(100, 128, 45.295068, 11.73014, 71.2),
	(100, 129, 45.294786, 11.729739, 67.8),
	(100, 130, 45.294278, 11.729465, 64.7),
	(100, 131, 45.293845, 11.729083, 62.7),
	(100, 132, 45.293646, 11.728276, 64.1),
	(100, 133, 45.293657, 11.727945, 66.9),
	(100, 134, 45.293702, 11.727733, 67.1),
	(100, 135, 45.293779, 11.727569, 70.9),
	(100, 136, 45.293851, 11.727331, 71.4),
	(100, 137, 45.293858, 11.726954, 71.1),
	(100, 138, 45.293828, 11.726747, 71.8),
	(100, 139, 45.293858, 11.726509, 73.7),
	(100, 140, 45.293959, 11.726009, 75.3),
	(100, 141, 45.29399, 11.725774, 75.8),
	(100, 142, 45.293975, 11.72545, 77.7),
	(100, 143, 45.293934, 11.725073, 79.3),
	(100, 144, 45.293871, 11.724826, 81.9),
	(100, 145, 45.29375, 11.724592, 85.9),
	(100, 146, 45.293617, 11.724293, 85.9),
	(100, 147, 45.293566, 11.72394, 88.1),
	(100, 148, 45.293535, 11.723581, 86.8),
	(100, 149, 45.29347, 11.723321, 87),
	(100, 150, 45.293244, 11.723077, 84.2),
	(100, 151, 45.292947, 11.722857, 84.3),
	(100, 152, 45.292343, 11.722477, 93.3),
	(100, 153, 45.292014, 11.722596, 89.2),
	(100, 154, 45.291702, 11.722737, 87.8),
	(100, 155, 45.291439, 11.722892, 85.6),
	(100, 156, 45.291266, 11.723026, 86),
	(100, 157, 45.290905, 11.723412, 92.9),
	(100, 158, 45.290705, 11.723593, 90.7),
	(100, 159, 45.290572, 11.723773, 91.9),
	(100, 160, 45.290489, 11.724078, 91),
	(100, 161, 45.290489, 11.724078, 91),
	(100, 162, 45.290458, 11.724263, 94.2),
	(100, 163, 45.290473, 11.724476, 95.8),
	(100, 164, 45.290437, 11.72495, 99.6),
	(100, 165, 45.290439, 11.725097, 103),
	(100, 166, 45.290423, 11.72531, 103.1),
	(100, 167, 45.290438, 11.725587, 102.1),
	(100, 168, 45.290354, 11.726094, 112.5),
	(100, 169, 45.290331, 11.726331, 109),
	(100, 170, 45.290266, 11.726564, 114.7),
	(100, 171, 45.290151, 11.726753, 117.7),
	(100, 172, 45.289824, 11.727088, 123.2),
	(100, 173, 45.289602, 11.727081, 132),
	(100, 174, 45.289579, 11.726811, 135.3),
	(100, 175, 45.289468, 11.726551, 138.3),
	(100, 176, 45.289419, 11.726371, 140.5),
	(100, 177, 45.289397, 11.72614, 144.8),
	(100, 178, 45.289181, 11.725632, 150.9),
	(100, 179, 45.289159, 11.725409, 161.2),
	(100, 180, 45.288996, 11.724879, 166.5),
	(100, 181, 45.28894, 11.724574, 174.2),
	(100, 182, 45.288911, 11.724082, 178.3),
	(100, 183, 45.288923, 11.723814, 182.3),
	(100, 184, 45.288964, 11.723446, 183.7),
	(100, 185, 45.288943, 11.723022, 178.6),
	(100, 186, 45.288857, 11.722747, 182.8),
	(100, 187, 45.288319, 11.721444, 173.2),
	(100, 188, 45.288161, 11.721137, 162.5),
	(100, 189, 45.288111, 11.720932, 161.8),
	(100, 190, 45.28809, 11.720781, 166.4),
	(100, 191, 45.287983, 11.720552, 168.1),
	(100, 192, 45.287874, 11.72006, 176.5),
	(100, 193, 45.28777, 11.719816, 174.2),
	(100, 194, 45.28773, 11.719589, 172.8),
	(100, 195, 45.287713, 11.719259, 172.4),
	(100, 196, 45.287613, 11.718935, 174.1),
	(100, 197, 45.287503, 11.71872, 175.7),
	(100, 198, 45.287367, 11.718541, 181.4),
	(100, 199, 45.287279, 11.718238, 182.9),
	(100, 200, 45.28721, 11.718057, 182.6),
	(100, 201, 45.287177, 11.717839, 181.5),
	(100, 202, 45.287169, 11.717602, 184.3),
	(100, 203, 45.287228, 11.717362, 181.2),
	(100, 204, 45.287203, 11.717135, 179.9),
	(100, 205, 45.28723, 11.716891, 186),
	(100, 206, 45.287005, 11.716747, 178),
	(100, 207, 45.286774, 11.716679, 187.8),
	(100, 208, 45.286601, 11.716481, 193.9),
	(100, 209, 45.286589, 11.716197, 196.7),
	(100, 210, 45.286633, 11.71594, 197.6),
	(100, 211, 45.286623, 11.715648, 198.7),
	(100, 212, 45.286591, 11.715431, 200.7),
	(100, 213, 45.286564, 11.715, 201.1),
	(100, 214, 45.286422, 11.714784, 197.4),
	(100, 215, 45.286267, 11.714708, 202),
	(100, 216, 45.286045, 11.714673, 205.3),
	(100, 217, 45.285913, 11.714604, 201.7),
	(100, 218, 45.285819, 11.71451, 202.1),
	(100, 219, 45.285729, 11.714261, 198.6),
	(100, 220, 45.285621, 11.71389, 216),
	(100, 221, 45.285493, 11.713618, 221.1),
	(100, 222, 45.285418, 11.713361, 227.3),
	(100, 223, 45.28529, 11.713249, 231.4),
	(100, 224, 45.285163, 11.713108, 234.3),
	(100, 225, 45.285151, 11.712731, 237.2),
	(100, 226, 45.285109, 11.712398, 239.9),
	(100, 227, 45.285113, 11.711744, 233.5),
	(100, 228, 45.285039, 11.711544, 233.8),
	(100, 229, 45.284914, 11.711334, 238.7),
	(100, 230, 45.284751, 11.710955, 247.3),
	(100, 231, 45.284722, 11.710609, 249.6),
	(100, 232, 45.284722, 11.710421, 255.6),
	(100, 233, 45.284672, 11.710221, 262.7),
	(100, 234, 45.28468, 11.709911, 258.7),
	(100, 235, 45.284732, 11.709666, 253.7),
	(100, 236, 45.28481, 11.709384, 251.1),
	(100, 237, 45.284887, 11.709225, 254.7),
	(100, 238, 45.285204, 11.708757, 252.5),
	(100, 239, 45.285534, 11.7082, 246.6),
	(100, 240, 45.285553, 11.708013, 245.5),
	(100, 241, 45.285376, 11.70797, 247.9),
	(100, 242, 45.28493, 11.708065, 255.4),
	(100, 243, 45.284695, 11.708073, 253.4),
	(100, 244, 45.284506, 11.707959, 260.2),
	(100, 245, 45.284384, 11.707752, 263.2),
	(100, 246, 45.284291, 11.707637, 265.1),
	(100, 247, 45.284183, 11.707418, 274.3),
	(100, 248, 45.284066, 11.707038, 277.4),
	(100, 249, 45.284081, 11.706709, 274.5),
	(100, 250, 45.28414, 11.706491, 272.7),
	(100, 251, 45.284299, 11.706087, 283.8),
	(100, 252, 45.284257, 11.70587, 288.4),
	(100, 253, 45.284139, 11.705845, 286.7),
	(100, 254, 45.283906, 11.705833, 293.1),
	(100, 255, 45.283783, 11.705664, 297.2),
	(100, 256, 45.283601, 11.705502, 298.7),
	(100, 257, 45.28344, 11.705404, 296.3),
	(100, 258, 45.28319, 11.705492, 280.5),
	(100, 259, 45.28303, 11.705457, 280.3),
	(100, 260, 45.283064, 11.705229, 280.5),
	(100, 261, 45.283184, 11.70497, 286.8),
	(100, 262, 45.283232, 11.704749, 290.1),
	(100, 263, 45.283367, 11.704609, 290),
	(100, 264, 45.283367, 11.704609, 290),
	(100, 265, 45.283367, 11.704609, 290),
	(100, 266, 45.283948, 11.704485, 295),
	(100, 267, 45.284323, 11.704449, 296.7),
	(100, 268, 45.284472, 11.704366, 298.4),
	(100, 269, 45.284955, 11.704378, 307),
	(100, 270, 45.285167, 11.704438, 304.3),
	(100, 271, 45.285252, 11.704491, 306.3),
	(100, 272, 45.28538, 11.704539, 308.4),
	(100, 273, 45.28547, 11.704606, 309.4),
	(100, 274, 45.2858, 11.704718, 318),
	(100, 275, 45.2858, 11.704718, 318),
	(100, 276, 45.2858, 11.704718, 318),
	(100, 277, 45.28635, 11.704839, 315.9),
	(100, 278, 45.286543, 11.704901, 311.4),
	(100, 279, 45.286634, 11.704957, 309.9),
	(100, 280, 45.286777, 11.705115, 304.1),
	(100, 281, 45.287073, 11.7055, 310.9),
	(100, 282, 45.287367, 11.705766, 319.9),
	(100, 283, 45.287534, 11.705855, 321.2),
	(100, 284, 45.287782, 11.706149, 324.2),
	(100, 285, 45.287922, 11.70636, 321.7),
	(100, 286, 45.288313, 11.706638, 323),
	(100, 287, 45.288455, 11.706811, 322.4),
	(100, 288, 45.288789, 11.70734, 326.3),
	(100, 289, 45.288917, 11.707576, 324.7),
	(100, 290, 45.28901, 11.707969, 326.5),
	(100, 291, 45.28912, 11.708207, 330.7),
	(100, 292, 45.289238, 11.708275, 328.8),
	(100, 293, 45.289511, 11.708375, 331.8),
	(100, 294, 45.289727, 11.708509, 333.2),
	(100, 295, 45.290011, 11.708541, 340),
	(100, 296, 45.290232, 11.708543, 347.9),
	(100, 297, 45.29043, 11.708419, 347.9),
	(100, 298, 45.29043, 11.708419, 347.9),
	(100, 299, 45.290554, 11.708355, 347.9),
	(100, 300, 45.290554, 11.708355, 347.9),
	(100, 301, 45.290849, 11.708171, 357.9),
	(100, 302, 45.290986, 11.70805, 357.5),
	(100, 303, 45.291243, 11.707921, 359.6),
	(100, 304, 45.291622, 11.707635, 361),
	(100, 305, 45.291839, 11.707603, 358.4),
	(100, 306, 45.292085, 11.707591, 353.4),
	(100, 307, 45.292616, 11.707603, 352.7),
	(100, 308, 45.292932, 11.707647, 354.2),
	(100, 309, 45.293528, 11.707888, 354.4),
	(100, 310, 45.29385, 11.707866, 358.7),
	(100, 311, 45.294063, 11.707762, 361.3),
	(100, 312, 45.294644, 11.707601, 366.6),
	(100, 313, 45.294804, 11.707486, 367.3),
	(100, 314, 45.294947, 11.70747, 365.4),
	(100, 315, 45.29515, 11.707325, 365.1),
	(100, 316, 45.295458, 11.707026, 365.5),
	(100, 317, 45.295535, 11.706889, 367.9),
	(100, 318, 45.295627, 11.706786, 368),
	(100, 319, 45.296028, 11.706602, 366.8),
	(100, 320, 45.296674, 11.706253, 365.3),
	(100, 321, 45.296823, 11.706039, 367.1),
	(100, 322, 45.296923, 11.705843, 366.7),
	(100, 323, 45.297183, 11.705587, 369),
	(100, 324, 45.297404, 11.705529, 365.2),
	(100, 325, 45.297707, 11.705288, 368.8),
	(100, 326, 45.297825, 11.70516, 372),
	(100, 327, 45.297947, 11.70489, 376.5),
	(100, 328, 45.29802, 11.704581, 376),
	(100, 329, 45.29802, 11.704581, 386),
	(100, 330, 45.298545, 11.704185, 386),
	(100, 331, 45.298726, 11.703744, 383.2),
	(100, 332, 45.298823, 11.703276, 381.9),
	(100, 333, 45.299063, 11.702909, 380.7),
	(100, 334, 45.299521, 11.702821, 379.5),
	(100, 335, 45.299902, 11.702832, 377.7),
	(100, 336, 45.300172, 11.702754, 375.9),
	(100, 337, 45.300478, 11.702415, 376.3),
	(100, 338, 45.30063, 11.70213, 381.3),
	(100, 339, 45.300764, 11.701915, 380.4),
	(100, 340, 45.300915, 11.70175, 376.4),
	(100, 341, 45.300991, 11.701505, 372.6),
	(100, 342, 45.301858, 11.701017, 371.9),
	(100, 343, 45.302169, 11.700792, 373.5),
	(100, 344, 45.30244, 11.700304, 376.1),
	(100, 345, 45.302744, 11.700109, 373.3),
	(100, 346, 45.303011, 11.700023, 369.7),
	(100, 347, 45.303322, 11.699629, 359.3),
	(100, 348, 45.303767, 11.699317, 355.1),
	(100, 349, 45.304282, 11.69927, 349),
	(100, 350, 45.304652, 11.698966, 349.9),
	(100, 351, 45.30544, 11.698949, 344.3),
	(100, 352, 45.305583, 11.698777, 339.4),
	(100, 353, 45.305821, 11.698361, 331.2),
	(100, 354, 45.306175, 11.698268, 323.6),
	(100, 355, 45.306385, 11.698263, 317.3),
	(100, 356, 45.306893, 11.69905, 310),
	(100, 357, 45.307365, 11.69963, 305.1),
	(100, 358, 45.307893, 11.700009, 302.8),
	(100, 359, 45.308323, 11.700216, 300.2),
	(100, 360, 45.308745, 11.700345, 299.9),
	(100, 361, 45.309213, 11.700215, 302.1),
	(100, 362, 45.30947, 11.699955, 296.2),
	(100, 363, 45.309817, 11.699799, 302.5),
	(100, 364, 45.309997, 11.699637, 306.7),
	(100, 365, 45.310118, 11.699392, 309.6),
	(100, 366, 45.31015, 11.699196, 310.1),
	(100, 367, 45.310325, 11.69893, 318.1),
	(100, 368, 45.310472, 11.698909, 321.9),
	(100, 369, 45.310629, 11.69898, 322.2),
	(100, 370, 45.31075, 11.699011, 322.9),
	(100, 371, 45.310905, 11.699116, 324.6),
	(100, 372, 45.31103, 11.699264, 324.1),
	(100, 373, 45.311222, 11.699559, 328.1),
	(100, 374, 45.31134, 11.699841, 329.8),
	(100, 375, 45.311567, 11.699879, 336.7),
	(100, 376, 45.311764, 11.699888, 336.2),
	(100, 377, 45.311855, 11.699932, 335.4),
	(100, 378, 45.312182, 11.700028, 332.2),
	(100, 379, 45.312432, 11.699972, 331.7),
	(100, 380, 45.312693, 11.700067, 329.8),
	(100, 381, 45.31296, 11.700264, 330.1),
	(100, 382, 45.313143, 11.700468, 325.9),
	(100, 383, 45.313296, 11.700717, 329.1),
	(100, 384, 45.313429, 11.70114, 334.8),
	(100, 385, 45.313526, 11.701651, 340.8),
	(100, 386, 45.313637, 11.702032, 341.3),
	(100, 387, 45.313808, 11.702039, 343),
	(100, 388, 45.314189, 11.70167, 349.1),
	(100, 389, 45.314385, 11.701554, 350.7),
	(100, 390, 45.314595, 11.701471, 351.7),
	(100, 391, 45.314728, 11.701361, 351.4),
	(100, 392, 45.314945, 11.701236, 350.2),
	(100, 393, 45.315194, 11.701175, 355),
	(100, 394, 45.315553, 11.701119, 357.3),
	(100, 395, 45.316063, 11.701107, 359.7),
	(100, 396, 45.316451, 11.701146, 368.1),
	(100, 397, 45.316734, 11.701072, 370.3),
	(100, 398, 45.316868, 11.701063, 364.4),
	(100, 399, 45.31701, 11.701007, 371.2),
	(100, 400, 45.317572, 11.700862, 378.7),
	(100, 401, 45.317773, 11.700733, 384.2),
	(100, 402, 45.317889, 11.70059, 389.9),
	(100, 403, 45.318036, 11.700547, 384.7),
	(100, 404, 45.318217, 11.700615, 384.4),
	(100, 405, 45.318318, 11.700744, 383.3),
	(100, 406, 45.318468, 11.700991, 386.4),
	(100, 407, 45.318457, 11.70131, 394.4),
	(100, 408, 45.318385, 11.701561, 397.3),
	(100, 409, 45.318355, 11.701931, 397),
	(100, 410, 45.318355, 11.701931, 397),
	(100, 411, 45.318586, 11.702208, 399.3),
	(100, 412, 45.318893, 11.701844, 398.2),
	(100, 413, 45.319206, 11.701365, 391.8),
	(100, 414, 45.319391, 11.70127, 388.4),
	(100, 415, 45.319288, 11.701932, 377.1),
	(100, 416, 45.319127, 11.702646, 375.6),
	(100, 417, 45.318942, 11.703148, 370.9),
	(100, 418, 45.318926, 11.703449, 367.5),
	(100, 419, 45.319128, 11.703111, 360.9),
	(100, 420, 45.319336, 11.702675, 357.1),
	(100, 421, 45.319553, 11.702673, 356.8),
	(100, 422, 45.319428, 11.703193, 356),
	(100, 423, 45.318944, 11.704367, 353.6),
	(100, 424, 45.319038, 11.705343, 345.3),
	(100, 425, 45.31897, 11.706088, 338.3),
	(100, 426, 45.319314, 11.706198, 332.7),
	(100, 427, 45.319686, 11.705734, 322.6),
	(100, 428, 45.319955, 11.70608, 314.9),
	(100, 429, 45.319934, 11.706803, 309.3),
	(100, 430, 45.320151, 11.707593, 297.2),
	(100, 431, 45.320444, 11.708006, 299.4),
	(100, 432, 45.320784, 11.708185, 298.8),
	(100, 433, 45.320953, 11.707933, 294.9),
	(100, 434, 45.321135, 11.707421, 288.9),
	(100, 435, 45.32154, 11.707093, 279.2),
	(100, 436, 45.322224, 11.706831, 271.5),
	(100, 437, 45.322644, 11.706473, 268.5),
	(100, 438, 45.323133, 11.705776, 260.4),
	(100, 439, 45.323641, 11.705881, 259.1),
	(100, 440, 45.324145, 11.705834, 255.6),
	(100, 441, 45.324431, 11.705787, 251.9),
	(100, 442, 45.324671, 11.70599, 248.4),
	(100, 443, 45.324933, 11.706062, 245.4),
	(100, 444, 45.325307, 11.706122, 244.8),
	(100, 445, 45.325709, 11.706696, 237.5),
	(100, 446, 45.325813, 11.707007, 234.3),
	(100, 447, 45.325846, 11.707832, 223.7),
	(100, 448, 45.32607, 11.708452, 218.6),
	(100, 449, 45.326152, 11.709233, 212.3),
	(100, 450, 45.326064, 11.709951, 208.2),
	(100, 451, 45.326227, 11.710354, 207.8),
	(100, 452, 45.3266, 11.710581, 204.4),
	(100, 453, 45.326825, 11.711208, 201.1),
	(100, 454, 45.327157, 11.711934, 194.3),
	(100, 455, 45.327504, 11.712776, 194.2),
	(100, 456, 45.32776, 11.713635, 190.5),
	(100, 457, 45.328188, 11.71427, 188.1),
	(100, 458, 45.328461, 11.715209, 183.3),
	(100, 459, 45.328225, 11.715988, 176.3),
	(100, 460, 45.32797, 11.716944, 169.8),
	(100, 461, 45.327801, 11.717352, 168.2),
	(100, 462, 45.327507, 11.717971, 163.7),
	(100, 463, 45.327715, 11.718028, 163.6),
	(100, 464, 45.327874, 11.717594, 159),
	(100, 465, 45.328301, 11.7171, 155.1),
	(100, 466, 45.328706, 11.716452, 149.1),
	(100, 467, 45.329085, 11.716161, 147.1),
	(100, 468, 45.329584, 11.7155, 143.9),
	(100, 469, 45.329935, 11.714812, 138.9),
	(100, 470, 45.330197, 11.714161, 131.9),
	(100, 471, 45.330552, 11.713921, 126.6),
	(100, 472, 45.331103, 11.714825, 116.6),
	(100, 473, 45.3315, 11.714374, 111.2),
	(100, 474, 45.331799, 11.714101, 107.2),
	(100, 475, 45.331976, 11.714674, 106.8),
	(100, 476, 45.332325, 11.715527, 97.9),
	(101, 1, 45.676903557, 10.807331577, 1561.3),
	(101, 2, 45.676931636, 10.80724868, 1559.8),
	(101, 3, 45.677083852, 10.807195622, 1559.6),
	(101, 4, 45.677215615, 10.807018932, 1556.6),
	(101, 5, 45.677413009, 10.806845007, 1553.7),
	(101, 6, 45.677796146, 10.806809636, 1555),
	(101, 7, 45.678349687, 10.80653253, 1552.3),
	(101, 8, 45.678488491, 10.806774264, 1559),
	(101, 9, 45.678632576, 10.806918014, 1563.9),
	(101, 10, 45.678925272, 10.806070771, 1548.8),
	(101, 11, 45.678986292, 10.805978402, 1547.7),
	(101, 12, 45.679187039, 10.805851752, 1547.7),
	(101, 13, 45.679369932, 10.805795677, 1550.3),
	(101, 14, 45.679533798, 10.805430394, 1547.6),
	(101, 15, 45.679756505, 10.805262253, 1548.6),
	(101, 16, 45.67988148, 10.805341713, 1552.1),
	(101, 17, 45.680116005, 10.8053739, 1556.7),
	(101, 18, 45.680199992, 10.805518404, 1560.6),
	(101, 19, 45.680269478, 10.805577161, 1562.7),
	(101, 20, 45.680530071, 10.80566626, 1568.1),
	(101, 21, 45.680906586, 10.805694005, 1574.5),
	(101, 22, 45.681095263, 10.80578696, 1579.2),
	(101, 23, 45.681484183, 10.806395151, 1592.8),
	(101, 24, 45.681621227, 10.806478383, 1595),
	(101, 25, 45.681744106, 10.806506295, 1597),
	(101, 26, 45.681853406, 10.806582905, 1599.5),
	(101, 27, 45.682015428, 10.806618612, 1602.5),
	(101, 28, 45.682115424, 10.806690194, 1604.9),
	(101, 29, 45.682273088, 10.806896724, 1610.3),
	(101, 30, 45.682482049, 10.806993116, 1614.3),
	(101, 31, 45.683237007, 10.807599127, 1626.8),
	(101, 32, 45.683284365, 10.80758932, 1627),
	(101, 33, 45.68346424, 10.807389161, 1625.8),
	(101, 34, 45.683889622, 10.807315651, 1626.1),
	(101, 35, 45.684010489, 10.80725614, 1625.8),
	(101, 36, 45.684016859, 10.80721599, 1625.5),
	(101, 37, 45.68420277, 10.807196544, 1625.4),
	(101, 38, 45.684428075, 10.807330068, 1626.1),
	(101, 39, 45.684935516, 10.807186319, 1623.4),
	(101, 40, 45.684963092, 10.807082048, 1622.1),
	(101, 41, 45.685510598, 10.807065787, 1620.8),
	(101, 42, 45.685879067, 10.807190593, 1622.7),
	(101, 43, 45.686166817, 10.807372313, 1627.2),
	(101, 44, 45.686508128, 10.80750525, 1631.5),
	(101, 45, 45.686771907, 10.807403745, 1628.4),
	(101, 46, 45.686913226, 10.807231246, 1622.1),
	(101, 47, 45.687096622, 10.807252117, 1620.9),
	(101, 48, 45.687868176, 10.80787967, 1633.5),
	(101, 49, 45.688045202, 10.807940857, 1633.4),
	(101, 50, 45.68844351, 10.808239337, 1642.2),
	(101, 51, 45.688574603, 10.808140347, 1639.6),
	(101, 52, 45.689024962, 10.807974134, 1637.7),
	(101, 53, 45.689544138, 10.807612874, 1623.8),
	(101, 54, 45.689686378, 10.807634834, 1623.9),
	(101, 55, 45.689869439, 10.8077583, 1628.3),
	(101, 56, 45.689929118, 10.807764335, 1628.3),
	(101, 57, 45.690596318, 10.808371771, 1645),
	(101, 58, 45.69075482, 10.808439497, 1645.1),
	(101, 59, 45.69092053, 10.808406472, 1640.8),
	(101, 60, 45.691498965, 10.808049068, 1622),
	(101, 61, 45.691565182, 10.808073459, 1622.2),
	(101, 62, 45.691526122, 10.808080751, 1622.6),
	(101, 63, 45.691592926, 10.808408735, 1630.4),
	(101, 64, 45.691608265, 10.808653403, 1637.7),
	(101, 65, 45.691531403, 10.808775779, 1643.2),
	(101, 66, 45.691515645, 10.809047604, 1652.3),
	(101, 67, 45.691325292, 10.809351616, 1669.9),
	(101, 68, 45.691363765, 10.809522606, 1676.8),
	(101, 69, 45.691410536, 10.809570216, 1677.8),
	(101, 70, 45.691457139, 10.809702398, 1682.9),
	(101, 71, 45.691380613, 10.810221992, 1708.5),
	(101, 72, 45.691326885, 10.8102406, 1710.5),
	(101, 73, 45.691398131, 10.810805373, 1734.2),
	(101, 74, 45.691364519, 10.810916936, 1739.9),
	(101, 75, 45.691412883, 10.811046353, 1744.5),
	(101, 76, 45.691915965, 10.811369643, 1749),
	(101, 77, 45.692221653, 10.81170978, 1760.5),
	(101, 78, 45.692571681, 10.811870126, 1762.3),
	(101, 79, 45.692654662, 10.811871551, 1761.1),
	(101, 80, 45.69276371, 10.812003398, 1764.9),
	(101, 81, 45.692797238, 10.812115464, 1769),
	(101, 82, 45.692891283, 10.812264243, 1773.7),
	(101, 83, 45.693220273, 10.812557191, 1780.4),
	(101, 84, 45.693528391, 10.813013334, 1789),
	(101, 85, 45.693559991, 10.813024146, 1788.8),
	(101, 86, 45.693675494, 10.813287674, 1793.7),
	(101, 87, 45.693783034, 10.813680282, 1793.5),
	(101, 88, 45.693739448, 10.814371873, 1794.9),
	(101, 89, 45.693648839, 10.814663814, 1796.2),
	(101, 90, 45.693704495, 10.815253984, 1793),
	(101, 91, 45.693675578, 10.815533604, 1794),
	(101, 92, 45.693682367, 10.8158061, 1794.3),
	(101, 93, 45.693815807, 10.816180101, 1796),
	(101, 94, 45.693783788, 10.816410352, 1799.4),
	(101, 95, 45.693642721, 10.816739341, 1805.3),
	(101, 96, 45.693565439, 10.816838415, 1807.4),
	(101, 97, 45.693539372, 10.817058356, 1810),
	(101, 98, 45.693428144, 10.81731786, 1813.6),
	(101, 99, 45.693234522, 10.817993945, 1823),
	(101, 100, 45.693348935, 10.818261495, 1821.4),
	(101, 101, 45.693719499, 10.818605907, 1826.4),
	(101, 102, 45.693775993, 10.818611607, 1826.5),
	(101, 103, 45.693905158, 10.818490656, 1823.9),
	(101, 104, 45.693925777, 10.818403903, 1822.1),
	(101, 105, 45.694216713, 10.818032753, 1816.9),
	(101, 106, 45.694479654, 10.817941641, 1818.3),
	(101, 107, 45.694802776, 10.817929236, 1821.3),
	(101, 108, 45.695026489, 10.8178051, 1821.6),
	(101, 109, 45.695331506, 10.817723041, 1825.5),
	(101, 110, 45.695635686, 10.81776931, 1831.7),
	(101, 111, 45.696031982, 10.817592787, 1842.2),
	(101, 112, 45.696154526, 10.817432525, 1846.1),
	(101, 113, 45.696206242, 10.817281147, 1846.8),
	(101, 114, 45.696385866, 10.81706766, 1853.5),
	(101, 115, 45.696483934, 10.817010831, 1857.9),
	(101, 116, 45.696590049, 10.816875966, 1861.7),
	(101, 117, 45.696870424, 10.815928224, 1869.6),
	(101, 118, 45.697015515, 10.815286087, 1866.5),
	(101, 119, 45.697088437, 10.815164465, 1867.6),
	(101, 120, 45.697165886, 10.815101685, 1870),
	(101, 121, 45.697243921, 10.81491963, 1869.1),
	(101, 122, 45.697528319, 10.814694744, 1873.6),
	(101, 123, 45.697670644, 10.814702539, 1874.5),
	(101, 124, 45.698123518, 10.814930024, 1885.5),
	(101, 125, 45.698660631, 10.815460011, 1896.8),
	(101, 126, 45.699115768, 10.815757485, 1897.9),
	(101, 127, 45.699213753, 10.815770058, 1896.5),
	(101, 128, 45.699757989, 10.816017408, 1891.9),
	(101, 129, 45.699898219, 10.81600056, 1888.4),
	(101, 130, 45.700205499, 10.816149842, 1880.6),
	(101, 131, 45.700136349, 10.816233493, 1883),
	(101, 132, 45.70013836, 10.816311864, 1883.1),
	(101, 133, 45.700200135, 10.816463577, 1881.3),
	(101, 134, 45.700273979, 10.816470869, 1878.5),
	(101, 135, 45.700276159, 10.816737413, 1876.7),
	(101, 136, 45.700335251, 10.81725575, 1860.9),
	(101, 137, 45.700461399, 10.81723622, 1854.2),
	(101, 138, 45.700425943, 10.817209482, 1857),
	(101, 139, 45.700458381, 10.817265054, 1853.6),
	(101, 140, 45.700514708, 10.817253571, 1850.7),
	(101, 141, 45.700631551, 10.817376785, 1839.9),
	(101, 142, 45.700581679, 10.817592954, 1835.9),
	(101, 143, 45.700539351, 10.817604605, 1838.3),
	(101, 144, 45.700466428, 10.81780443, 1837.1),
	(101, 145, 45.700338604, 10.817896714, 1843.5),
	(101, 146, 45.700351428, 10.818062592, 1837.9),
	(101, 147, 45.700390236, 10.818159319, 1832.2),
	(101, 148, 45.700385207, 10.818469785, 1825.4),
	(101, 149, 45.700481599, 10.818509515, 1817.1),
	(101, 150, 45.70174735, 10.818576822, 1754.8),
	(101, 151, 45.701896632, 10.818637339, 1755.3),
	(101, 152, 45.701805856, 10.818660893, 1755.7),
	(101, 153, 45.701547107, 10.818612445, 1760),
	(101, 154, 45.701631345, 10.81886935, 1758.7),
	(101, 155, 45.701573258, 10.818928359, 1761),
	(101, 156, 45.701364717, 10.818959624, 1767.7),
	(101, 157, 45.701175118, 10.819173362, 1773),
	(101, 158, 45.700891977, 10.819672504, 1783.6),
	(101, 159, 45.700911926, 10.819778284, 1783.8),
	(101, 160, 45.700990967, 10.819871994, 1782.6),
	(101, 161, 45.7010167, 10.820077769, 1783.5),
	(101, 162, 45.700925756, 10.820284802, 1786.9),
	(101, 163, 45.700958278, 10.820489405, 1787.9),
	(101, 164, 45.701044863, 10.820484795, 1786.9),
	(101, 165, 45.700905137, 10.820653271, 1789.6),
	(101, 166, 45.70088041, 10.820867429, 1791),
	(101, 167, 45.700776894, 10.821182253, 1794.2),
	(101, 168, 45.700756861, 10.821535969, 1795.4),
	(101, 169, 45.700870268, 10.821746523, 1795.7),
	(101, 170, 45.701041175, 10.821666811, 1799.7),
	(101, 171, 45.701169334, 10.821656166, 1803.7),
	(101, 172, 45.701267403, 10.82144645, 1802.4),
	(101, 173, 45.70124913, 10.821327092, 1799.6),
	(101, 174, 45.701300343, 10.821249727, 1798.7),
	(101, 175, 45.701235468, 10.821107654, 1795),
	(101, 176, 45.701196324, 10.821090974, 1794.4),
	(101, 177, 45.701481979, 10.82108804, 1796.4),
	(101, 178, 45.701590274, 10.82114093, 1799.1),
	(101, 179, 45.701917335, 10.821022075, 1808.8),
	(101, 180, 45.702040046, 10.820919061, 1811.2),
	(101, 181, 45.702086315, 10.820801463, 1809),
	(101, 182, 45.702286558, 10.820668191, 1813.5),
	(101, 183, 45.702313716, 10.82059795, 1811.7),
	(101, 184, 45.702489652, 10.820389576, 1809.2),
	(101, 185, 45.702561233, 10.82016645, 1802),
	(101, 186, 45.702893157, 10.819913903, 1812.5),
	(101, 187, 45.703145703, 10.819826396, 1826.3),
	(101, 188, 45.703205802, 10.819763532, 1828.6),
	(101, 189, 45.703149391, 10.819859924, 1827.3),
	(101, 190, 45.703124832, 10.819987161, 1828.7),
	(101, 191, 45.703240838, 10.820030663, 1837.2),
	(101, 192, 45.703207143, 10.820087912, 1837.1),
	(101, 193, 45.703222314, 10.820158822, 1840.4),
	(101, 194, 45.703436052, 10.820169467, 1853.4),
	(101, 195, 45.703244107, 10.820433162, 1850.8),
	(101, 196, 45.70325735, 10.820515305, 1854.2),
	(101, 197, 45.703364136, 10.820539612, 1860.5),
	(101, 198, 45.703424234, 10.820508264, 1862.9),
	(101, 199, 45.703437896, 10.820566937, 1865.4),
	(101, 200, 45.703561278, 10.820557717, 1871.8),
	(101, 201, 45.703492714, 10.820763158, 1874),
	(101, 202, 45.703589441, 10.820860388, 1881.4),
	(101, 203, 45.703597404, 10.821087537, 1885.7),
	(101, 204, 45.703675188, 10.821122155, 1890.1),
	(101, 205, 45.703753978, 10.821100613, 1893.5),
	(101, 206, 45.703653898, 10.821230952, 1890.9),
	(101, 207, 45.703637134, 10.821334384, 1891.8),
	(101, 208, 45.703685833, 10.821450222, 1896),
	(101, 209, 45.703666136, 10.821549464, 1896.8),
	(101, 210, 45.703744926, 10.821594056, 1901.1),
	(101, 211, 45.703635961, 10.821832018, 1898.7),
	(101, 212, 45.7035995, 10.822098814, 1899.1),
	(101, 213, 45.703643085, 10.822062939, 1900.7),
	(101, 214, 45.703744506, 10.822283048, 1906.7),
	(101, 215, 45.703855148, 10.82220451, 1910.9),
	(101, 216, 45.704114484, 10.821744846, 1919.2),
	(101, 217, 45.704198806, 10.82171333, 1923.5),
	(101, 218, 45.704266364, 10.821816763, 1928.8),
	(101, 219, 45.70431741, 10.821767058, 1932),
	(101, 220, 45.704412879, 10.821468998, 1935.1),
	(101, 221, 45.704550426, 10.8212307, 1941),
	(101, 222, 45.704623936, 10.82102308, 1942.9),
	(101, 223, 45.704658721, 10.821081921, 1946.1),
	(101, 224, 45.704693506, 10.821048059, 1947.9),
	(101, 225, 45.70470524, 10.821224665, 1951.3),
	(101, 226, 45.704713538, 10.821014531, 1948.8),
	(101, 227, 45.704771876, 10.820948398, 1951.7),
	(101, 228, 45.704776151, 10.820439449, 1944),
	(101, 229, 45.704814289, 10.820152704, 1942.2),
	(101, 230, 45.704854941, 10.820181957, 1945.5),
	(101, 231, 45.704921829, 10.82041732, 1953.7),
	(101, 232, 45.704931719, 10.820730468, 1959),
	(101, 233, 45.705051245, 10.82043794, 1962.1),
	(101, 234, 45.705112685, 10.820360743, 1964.2),
	(101, 235, 45.705145709, 10.820087744, 1961.7),
	(101, 236, 45.705288034, 10.81984668, 1964.2),
	(101, 237, 45.705349725, 10.819817344, 1966.3),
	(101, 238, 45.705309073, 10.820142226, 1971),
	(101, 239, 45.705332123, 10.82030098, 1974.9),
	(101, 240, 45.705281412, 10.820851419, 1981.5),
	(101, 241, 45.705317706, 10.821701596, 1996.3),
	(101, 242, 45.705449637, 10.822461331, 2011.5),
	(101, 243, 45.705476878, 10.822775234, 2015.3),
	(101, 244, 45.705562122, 10.823018141, 2022.1),
	(101, 245, 45.705585927, 10.823199106, 2025),
	(101, 246, 45.705557596, 10.823530359, 2026.1),
	(101, 247, 45.705623981, 10.824006787, 2035.7),
	(101, 248, 45.70570034, 10.825288631, 2057.3),
	(101, 249, 45.705683241, 10.825389046, 2057.1),
	(101, 250, 45.705745267, 10.825655004, 2064.1),
	(101, 251, 45.705719953, 10.82576246, 2063.4),
	(101, 252, 45.70578659, 10.825912245, 2069.1),
	(101, 253, 45.705871582, 10.826358413, 2074.4),
	(101, 254, 45.705913743, 10.826464193, 2075.4),
	(101, 255, 45.705898572, 10.826525046, 2075.4),
	(101, 256, 45.705924556, 10.826957552, 2081.4),
	(101, 257, 45.705893459, 10.827102056, 2083.6),
	(101, 258, 45.705890693, 10.827438757, 2089.5),
	(101, 259, 45.705746105, 10.827858103, 2097),
	(101, 260, 45.705628758, 10.828097742, 2099.5),
	(101, 261, 45.705077648, 10.828867368, 2101.3),
	(101, 262, 45.704986285, 10.829159981, 2105.9),
	(101, 263, 45.704892408, 10.829358464, 2107.3),
	(101, 264, 45.705335811, 10.829138188, 2121),
	(101, 265, 45.705549046, 10.829082867, 2128.6),
	(101, 266, 45.705575617, 10.829131398, 2131.4),
	(101, 267, 45.705427928, 10.829380844, 2133.1),
	(101, 268, 45.705182338, 10.829910999, 2140.9),
	(101, 269, 45.704749329, 10.830402849, 2132.9),
	(101, 270, 45.704728793, 10.830611894, 2137.1),
	(101, 271, 45.70469032, 10.830613738, 2135.5),
	(101, 272, 45.704616979, 10.830981117, 2138.2),
	(101, 273, 45.70455621, 10.831115227, 2136.4),
	(101, 274, 45.704534501, 10.831253277, 2136.2),
	(101, 275, 45.704570711, 10.831327373, 2137.1),
	(101, 276, 45.70480708, 10.831277082, 2142),
	(101, 277, 45.705074295, 10.831323098, 2146.5),
	(101, 278, 45.704997769, 10.831411444, 2143.9),
	(101, 279, 45.704834741, 10.831495011, 2140.6),
	(101, 280, 45.70500372, 10.831542118, 2142),
	(101, 281, 45.705048982, 10.831620907, 2141.2),
	(101, 282, 45.705026602, 10.831676312, 2139.7),
	(101, 283, 45.704644807, 10.832056599, 2118.9),
	(101, 284, 45.704636006, 10.832109153, 2116.4),
	(101, 285, 45.704936916, 10.832015108, 2121.8),
	(101, 286, 45.704701385, 10.832394054, 2102.6),
	(101, 287, 45.704465937, 10.832544426, 2095.6),
	(101, 288, 45.704288157, 10.832452811, 2100),
	(101, 289, 45.704192435, 10.832489943, 2098.4),
	(101, 290, 45.704140803, 10.832611481, 2093.2),
	(101, 291, 45.70383193, 10.832618438, 2094.9),
	(101, 292, 45.703725312, 10.832751626, 2089.4),
	(101, 293, 45.70335919, 10.8328305, 2087.6),
	(101, 294, 45.703033721, 10.832719356, 2096),
	(101, 295, 45.702751586, 10.832780628, 2095.1),
	(101, 296, 45.702520497, 10.832920689, 2088.6),
	(101, 297, 45.702174157, 10.833030911, 2079.9),
	(101, 298, 45.70185774, 10.833276669, 2065.3),
	(101, 299, 45.701693874, 10.833223276, 2067.4),
	(101, 300, 45.701591782, 10.832973914, 2076.2),
	(101, 301, 45.701405201, 10.83276093, 2078.5),
	(101, 302, 45.701222559, 10.832610894, 2077.4),
	(101, 303, 45.700885523, 10.832050312, 2075.5),
	(101, 304, 45.700784605, 10.831752922, 2076.9),
	(101, 305, 45.700608166, 10.831471961, 2067.2),
	(101, 306, 45.700416472, 10.831296192, 2059.4),
	(101, 307, 45.700125284, 10.830946919, 2056.4),
	(101, 308, 45.699715912, 10.830240492, 2060),
	(101, 309, 45.699314168, 10.829869676, 2069.9),
	(101, 310, 45.699215177, 10.829820139, 2071.7),
	(101, 311, 45.699013341, 10.829825504, 2069.9),
	(101, 312, 45.698900688, 10.82990027, 2066.7),
	(101, 313, 45.698698768, 10.829898678, 2063.6),
	(101, 314, 45.698554516, 10.829688627, 2067.1),
	(101, 315, 45.698414454, 10.829573795, 2068.7),
	(101, 316, 45.698220413, 10.829554349, 2064.6),
	(101, 317, 45.698025953, 10.829235837, 2069.8),
	(101, 318, 45.697702076, 10.828997623, 2065.1),
	(101, 319, 45.697385911, 10.828971053, 2057.9),
	(101, 320, 45.697294213, 10.828596465, 2064),
	(101, 321, 45.697082654, 10.828573667, 2060.1),
	(101, 322, 45.696948543, 10.828361353, 2065.9),
	(101, 323, 45.696903365, 10.828205952, 2071.7),
	(101, 324, 45.696592145, 10.827802951, 2088.2),
	(101, 325, 45.696450239, 10.827741176, 2085.4),
	(101, 326, 45.696360217, 10.827589296, 2089.9),
	(101, 327, 45.696295677, 10.82736793, 2098.6),
	(101, 328, 45.696145725, 10.827197861, 2101.6),
	(101, 329, 45.696096355, 10.826986302, 2110.9),
	(101, 330, 45.695997784, 10.826909104, 2112),
	(101, 331, 45.695924945, 10.826912625, 2109.7),
	(101, 332, 45.695923269, 10.826853113, 2113),
	(101, 333, 45.696127368, 10.826766696, 2123),
	(101, 334, 45.695886724, 10.826746244, 2117.9),
	(101, 335, 45.695765857, 10.82665245, 2117.9),
	(101, 336, 45.695647085, 10.826313319, 2112.9),
	(101, 337, 45.695811119, 10.826063873, 2117.5),
	(101, 338, 45.695605176, 10.825954992, 2112.3),
	(101, 339, 45.695505012, 10.825956333, 2110),
	(101, 340, 45.695183733, 10.825837813, 2104.5),
	(101, 341, 45.694997488, 10.825714348, 2098.2),
	(101, 342, 45.694944933, 10.825614184, 2094.3),
	(101, 343, 45.695182811, 10.82550413, 2096.6),
	(101, 344, 45.695290519, 10.825403295, 2095.9),
	(101, 345, 45.695416499, 10.825390639, 2097.6),
	(101, 346, 45.695348773, 10.825274885, 2093.6),
	(101, 347, 45.695258752, 10.825240184, 2091.3),
	(101, 348, 45.69502607, 10.825036168, 2083.2),
	(101, 349, 45.694699176, 10.824951259, 2074.6),
	(101, 350, 45.694627427, 10.824891999, 2070.9),
	(101, 351, 45.694507062, 10.824890826, 2068.5),
	(101, 352, 45.694433972, 10.824797368, 2063.1),
	(101, 353, 45.694395751, 10.824801559, 2062.5),
	(101, 354, 45.694419639, 10.824804744, 2063.1),
	(101, 355, 45.694415448, 10.824837768, 2064.5),
	(101, 356, 45.694355182, 10.82481497, 2062.3),
	(101, 357, 45.694044381, 10.824927455, 2061.3),
	(101, 358, 45.693813041, 10.824966179, 2058.4),
	(101, 359, 45.693482542, 10.824704664, 2042.5),
	(101, 360, 45.693239132, 10.824607182, 2037.6),
	(101, 361, 45.693219183, 10.824555382, 2036.2),
	(101, 362, 45.692962529, 10.824385481, 2034.3),
	(101, 363, 45.692863958, 10.824237876, 2032.1),
	(101, 364, 45.692549301, 10.823948532, 2026.7),
	(101, 365, 45.692348722, 10.823853398, 2023.9),
	(101, 366, 45.691811023, 10.823424496, 2012.8),
	(101, 367, 45.691518495, 10.823252667, 2005.3),
	(101, 368, 45.691417325, 10.823116209, 1999),
	(101, 369, 45.691331076, 10.823094836, 1996.5),
	(101, 370, 45.6912605, 10.822978998, 1992.5),
	(101, 371, 45.69115405, 10.822908171, 1989.1),
	(101, 372, 45.691166874, 10.822768696, 1986.8),
	(101, 373, 45.691256309, 10.822694767, 1986.5),
	(101, 374, 45.691311713, 10.822721254, 1987.8),
	(101, 375, 45.691267457, 10.82260902, 1984.9),
	(101, 376, 45.690975767, 10.82245999, 1980.3),
	(101, 377, 45.690890606, 10.822355719, 1978.8),
	(101, 378, 45.690731853, 10.822290257, 1974.6),
	(101, 379, 45.690633114, 10.822097389, 1971.3),
	(101, 380, 45.690606125, 10.821974678, 1971),
	(101, 381, 45.690609813, 10.821446199, 1972.9),
	(101, 382, 45.690589026, 10.821352322, 1973.5),
	(101, 383, 45.690506045, 10.821202789, 1975.6),
	(101, 384, 45.690459358, 10.82103909, 1978.3),
	(101, 385, 45.690357266, 10.820919648, 1982.6),
	(101, 386, 45.690199435, 10.820562746, 1992),
	(101, 387, 45.69014403, 10.820166618, 1998.7),
	(101, 388, 45.690099942, 10.820043404, 2002.3),
	(101, 389, 45.690113939, 10.819772417, 2002.6),
	(101, 390, 45.690230699, 10.819454324, 1996.6),
	(101, 391, 45.690240674, 10.81903087, 1997),
	(101, 392, 45.690335725, 10.818688553, 1993.1),
	(101, 393, 45.69037118, 10.818331484, 1992.8),
	(101, 394, 45.69041024, 10.818218496, 1990.1),
	(101, 395, 45.690488862, 10.817699153, 1985),
	(101, 396, 45.690452065, 10.817591446, 1986.6),
	(101, 397, 45.690536052, 10.81726891, 1981.5),
	(101, 398, 45.690516941, 10.817129519, 1981.2),
	(101, 399, 45.690555414, 10.816998761, 1979.4),
	(101, 400, 45.690793376, 10.816612355, 1974.6),
	(101, 401, 45.690827239, 10.816467265, 1972.4),
	(101, 402, 45.690814415, 10.816433486, 1972),
	(101, 403, 45.690674353, 10.816473048, 1973.5),
	(101, 404, 45.6905529, 10.816426529, 1973.5),
	(101, 405, 45.690416945, 10.816316139, 1972.1),
	(101, 406, 45.690155011, 10.816204995, 1970.5),
	(101, 407, 45.68977112, 10.816242043, 1970),
	(101, 408, 45.689706411, 10.816340614, 1972.3),
	(101, 409, 45.689439615, 10.816309685, 1969.4),
	(101, 410, 45.689147757, 10.816175323, 1962.9),
	(101, 411, 45.688634533, 10.816052025, 1954.6),
	(101, 412, 45.688512828, 10.816067532, 1954.1),
	(101, 413, 45.688506039, 10.816103406, 1955.2),
	(101, 414, 45.688212337, 10.816215388, 1956.9),
	(101, 415, 45.688027013, 10.816147327, 1953.8),
	(101, 416, 45.687701376, 10.815905007, 1943.7),
	(101, 417, 45.687355036, 10.815862175, 1940.3),
	(101, 418, 45.68732461, 10.815832252, 1939.1),
	(101, 419, 45.687181698, 10.815869886, 1939.8),
	(101, 420, 45.687017329, 10.815842813, 1938),
	(101, 421, 45.686873496, 10.815774165, 1934.8),
	(101, 422, 45.686830496, 10.815695291, 1931.7),
	(101, 423, 45.686654057, 10.815639468, 1928.6),
	(101, 424, 45.68661944, 10.815662937, 1928.8),
	(101, 425, 45.686533861, 10.815617675, 1925.6),
	(101, 426, 45.686227754, 10.815636534, 1920.9),
	(101, 427, 45.6860545, 10.815715576, 1920.4),
	(101, 428, 45.685950648, 10.815717252, 1918.5),
	(101, 429, 45.685804216, 10.815822529, 1919),
	(101, 430, 45.685656862, 10.815819344, 1915.7),
	(101, 431, 45.685343128, 10.815926045, 1912.1),
	(101, 432, 45.685152775, 10.815921016, 1907.8),
	(101, 433, 45.684981113, 10.816094354, 1908.6),
	(101, 434, 45.684855469, 10.816109357, 1905.2),
	(101, 435, 45.684658745, 10.816241372, 1902.6),
	(101, 436, 45.684463028, 10.816477155, 1902.7),
	(101, 437, 45.684197908, 10.816641441, 1898.4),
	(101, 438, 45.684118029, 10.816729451, 1897.9),
	(101, 439, 45.683981068, 10.816788124, 1894.8),
	(101, 440, 45.683813514, 10.816946961, 1893.4),
	(101, 441, 45.683674039, 10.817000689, 1890.4),
	(101, 442, 45.683591729, 10.817094231, 1890.4),
	(101, 443, 45.683392491, 10.817226414, 1887.9),
	(101, 444, 45.682991333, 10.817371588, 1881.1),
	(101, 445, 45.682969373, 10.817348203, 1879.8),
	(101, 446, 45.682832245, 10.817407379, 1877.7),
	(101, 447, 45.682673827, 10.817418443, 1873.7),
	(101, 448, 45.682574166, 10.817486001, 1872.7),
	(101, 449, 45.682260767, 10.817553727, 1866.9),
	(101, 450, 45.682199411, 10.8175347, 1865.2),
	(101, 451, 45.682036802, 10.817617597, 1863),
	(101, 452, 45.681676213, 10.817661434, 1855.2),
	(101, 453, 45.681557273, 10.817598822, 1851.8),
	(101, 454, 45.681322915, 10.817594212, 1846.8),
	(101, 455, 45.681144129, 10.817526821, 1843),
	(101, 456, 45.680729393, 10.817234879, 1829.4),
	(101, 457, 45.680487575, 10.817180816, 1823.7),
	(101, 458, 45.680263694, 10.817215098, 1819.5),
	(101, 459, 45.680271992, 10.817138152, 1819.3),
	(101, 460, 45.680188928, 10.816949978, 1817.4),
	(101, 461, 45.680071246, 10.816847635, 1816.1),
	(101, 462, 45.679989187, 10.816498948, 1813.2),
	(101, 463, 45.679970244, 10.816130312, 1807.3),
	(101, 464, 45.679997234, 10.816099886, 1807.1),
	(101, 465, 45.680125561, 10.815271502, 1787.8),
	(101, 466, 45.680254474, 10.815122137, 1783.7),
	(101, 467, 45.680425046, 10.81501971, 1781),
	(101, 468, 45.680397218, 10.814492824, 1766.5),
	(101, 469, 45.680674156, 10.813923692, 1751.5),
	(101, 470, 45.680695279, 10.813774327, 1747.7),
	(101, 471, 45.680640964, 10.813602833, 1743.1),
	(101, 472, 45.68058623, 10.813251967, 1734.2),
	(101, 473, 45.680434266, 10.81300227, 1727.8),
	(101, 474, 45.680275261, 10.812959019, 1725.3),
	(101, 475, 45.679899082, 10.812591305, 1710.9),
	(101, 476, 45.679862453, 10.812464822, 1706.8),
	(101, 477, 45.679745357, 10.812338339, 1701.6),
	(101, 478, 45.679518376, 10.812278492, 1696.3),
	(101, 479, 45.67940128, 10.812180508, 1691.9),
	(101, 480, 45.679111434, 10.812107082, 1685.6),
	(101, 481, 45.678830221, 10.811791671, 1675.8),
	(101, 482, 45.678772386, 10.811472405, 1669.1),
	(101, 483, 45.678576417, 10.811268473, 1664.7),
	(101, 484, 45.678480025, 10.811030343, 1660.4),
	(101, 485, 45.678471308, 10.810727756, 1654.9),
	(101, 486, 45.67829839, 10.810435144, 1647.5),
	(101, 487, 45.67821851, 10.810402539, 1645.9),
	(101, 488, 45.678149443, 10.810211934, 1641.1),
	(101, 489, 45.678068642, 10.810089391, 1637.7),
	(101, 490, 45.678024385, 10.809856877, 1631.6),
	(101, 491, 45.677935118, 10.809711954, 1627),
	(101, 492, 45.677935369, 10.809521098, 1622),
	(101, 493, 45.677780053, 10.809017094, 1608.3),
	(101, 494, 45.677773431, 10.808873009, 1605.1),
	(101, 495, 45.677633537, 10.808648458, 1599.4),
	(101, 496, 45.677494481, 10.808274122, 1590.3),
	(101, 497, 45.677414099, 10.808180245, 1586.5),
	(101, 498, 45.677254843, 10.807826361, 1575.3),
	(101, 499, 45.67726356, 10.80750064, 1567.3),
	(101, 500, 45.677085696, 10.807281369, 1561.4),
	(102, 1, 45.695520606, 11.118991446, 1347.6),
	(102, 2, 45.695350468, 11.119102722, 1342.7),
	(102, 3, 45.695521889, 11.119012542, 1346.6),
	(102, 4, 45.6957069, 11.119024378, 1345.6),
	(102, 5, 45.696033776, 11.118792705, 1361.4),
	(102, 6, 45.696211923, 11.118729408, 1368.3),
	(102, 7, 45.696379873, 11.118626207, 1376.8),
	(102, 8, 45.696739475, 11.118742214, 1378.2),
	(102, 9, 45.696919036, 11.118707064, 1383),
	(102, 10, 45.697104232, 11.11871362, 1386),
	(102, 11, 45.697464094, 11.118654093, 1394.7),
	(102, 12, 45.697645683, 11.118675231, 1398.9),
	(102, 13, 45.69817173, 11.118447996, 1423.2),
	(102, 14, 45.698354196, 11.118413388, 1429.4),
	(102, 15, 45.69847454, 11.118617664, 1422.9),
	(102, 16, 45.698800214, 11.118852207, 1416.3),
	(102, 17, 45.698978316, 11.118797995, 1419.2),
	(102, 18, 45.699163207, 11.118789713, 1420.5),
	(102, 19, 45.699275857, 11.118580228, 1425.7),
	(102, 20, 45.699272481, 11.118321623, 1437.2),
	(102, 21, 45.699310679, 11.118069107, 1450.3),
	(102, 22, 45.699382399, 11.117833547, 1462.3),
	(102, 23, 45.69949095, 11.117624842, 1472.8),
	(102, 24, 45.699664868, 11.117533319, 1476.5),
	(102, 25, 45.700144907, 11.117156104, 1494.9),
	(102, 26, 45.700277998, 11.117332135, 1481.3),
	(102, 27, 45.700430511, 11.117478675, 1468.7),
	(102, 28, 45.700615066, 11.117409913, 1469.8),
	(102, 29, 45.700721779, 11.117192676, 1483.6),
	(102, 30, 45.700869921, 11.117034785, 1493.1),
	(102, 31, 45.701034176, 11.116920432, 1499.4),
	(102, 32, 45.701395431, 11.116849022, 1499.6),
	(102, 33, 45.701763174, 11.116884058, 1492.8),
	(102, 34, 45.70198869, 11.116452484, 1515),
	(102, 35, 45.702168703, 11.116400641, 1514.9),
	(102, 36, 45.702537672, 11.116446225, 1509.8),
	(102, 37, 45.703076569, 11.11634444, 1525.6),
	(102, 38, 45.703396968, 11.116103939, 1527.2),
	(102, 39, 45.703579009, 11.116134231, 1525.5),
	(102, 40, 45.70358628, 11.115876797, 1521.9),
	(102, 41, 45.703534653, 11.11612605, 1525.9),
	(102, 42, 45.703489652, 11.116651219, 1533.8),
	(102, 43, 45.703591056, 11.116874556, 1539.1),
	(102, 44, 45.703963183, 11.118081495, 1557.4),
	(102, 45, 45.704005405, 11.118338187, 1560.3),
	(102, 46, 45.703964115, 11.118593498, 1552.9),
	(102, 47, 45.704124989, 11.119071656, 1560.8),
	(102, 48, 45.704153039, 11.119333533, 1562.8),
	(102, 49, 45.704149302, 11.119597252, 1564),
	(102, 50, 45.704001198, 11.120074361, 1550.7),
	(102, 51, 45.70395367, 11.120326075, 1543.3),
	(102, 52, 45.70413372, 11.120265328, 1561.3),
	(102, 53, 45.704161712, 11.120005303, 1567.4),
	(102, 54, 45.704272609, 11.119795778, 1576.3),
	(102, 55, 45.704339935, 11.119553291, 1580.9),
	(102, 56, 45.70437888, 11.119299045, 1582.9),
	(102, 57, 45.704354544, 11.119036197, 1581.5),
	(102, 58, 45.704268347, 11.118804293, 1577.1),
	(102, 59, 45.70427773, 11.118537386, 1581.5),
	(102, 60, 45.704378661, 11.118318098, 1591.9),
	(102, 61, 45.704374217, 11.11805332, 1593.3),
	(102, 62, 45.704317868, 11.117798915, 1590),
	(102, 63, 45.704415477, 11.118021951, 1596.9),
	(102, 64, 45.704437428, 11.118283137, 1596.6),
	(102, 65, 45.70442009, 11.11855018, 1592.5),
	(102, 66, 45.704557348, 11.119042828, 1599.2),
	(102, 67, 45.704559547, 11.119302368, 1599.2),
	(102, 68, 45.70449993, 11.119560818, 1595.4),
	(102, 69, 45.704460182, 11.120085039, 1593.4),
	(102, 70, 45.704481151, 11.1203408, 1592.1),
	(102, 71, 45.70459404, 11.120546846, 1599.9),
	(102, 72, 45.705006462, 11.121060269, 1623),
	(102, 73, 45.705102391, 11.121297032, 1617.5),
	(102, 74, 45.705143268, 11.121560725, 1606.5),
	(102, 75, 45.705308295, 11.121457327, 1622.6),
	(102, 76, 45.705189604, 11.121246622, 1626),
	(102, 77, 45.705468182, 11.121587511, 1625.7),
	(102, 78, 45.705514586, 11.121874021, 1612.8),
	(102, 79, 45.705699464, 11.121870464, 1623.5),
	(102, 80, 45.705834166, 11.122049673, 1619.7),
	(102, 81, 45.706002576, 11.121948012, 1630.9),
	(102, 82, 45.7061857, 11.121895245, 1639.6),
	(102, 83, 45.706367438, 11.121931471, 1642.4),
	(102, 84, 45.706538504, 11.122027439, 1640.5),
	(102, 85, 45.706721746, 11.122017922, 1647.1),
	(102, 86, 45.706891956, 11.121923957, 1660.6),
	(102, 87, 45.707075145, 11.121965378, 1665.6),
	(102, 88, 45.707074305, 11.122232773, 1650.3),
	(102, 89, 45.707133491, 11.122752463, 1629.9),
	(102, 90, 45.707282869, 11.122908047, 1634.2),
	(102, 91, 45.707252633, 11.122122542, 1665.1),
	(102, 92, 45.707202639, 11.121868475, 1676.1),
	(102, 93, 45.707331925, 11.122055946, 1672.1),
	(102, 94, 45.707455408, 11.122558472, 1656.4),
	(102, 95, 45.707593878, 11.12273586, 1659.1),
	(102, 96, 45.707774293, 11.122760818, 1668.8),
	(102, 97, 45.707919783, 11.122602699, 1682),
	(102, 98, 45.708269393, 11.122795704, 1696.4),
	(102, 99, 45.708288489, 11.123056176, 1689.7),
	(102, 100, 45.708161641, 11.123549971, 1672.2),
	(102, 101, 45.708183194, 11.123808045, 1671.5),
	(102, 102, 45.708258558, 11.124054337, 1674.7),
	(102, 103, 45.708564279, 11.124334848, 1692.3),
	(102, 104, 45.70868062, 11.124537508, 1696),
	(102, 105, 45.708606376, 11.125056751, 1680.9),
	(102, 106, 45.708758471, 11.125198585, 1687.6),
	(102, 107, 45.708884074, 11.125398849, 1692.1),
	(102, 108, 45.708765434, 11.125895062, 1677.6),
	(102, 109, 45.708735963, 11.126153049, 1670),
	(102, 110, 45.708842858, 11.126372711, 1672.8),
	(102, 111, 45.709208987, 11.126480975, 1698.5),
	(102, 112, 45.70931279, 11.126697978, 1703.6),
	(102, 113, 45.70939627, 11.126947093, 1704.3),
	(102, 114, 45.709541766, 11.127702925, 1697.7),
	(102, 115, 45.71002916, 11.128829604, 1704.9),
	(102, 116, 45.710292264, 11.129513959, 1706.3),
	(102, 117, 45.710635184, 11.13014405, 1716.8),
	(102, 118, 45.71066757, 11.130667742, 1710.4),
	(102, 119, 45.7107324, 11.130910037, 1710.6),
	(102, 120, 45.710823019, 11.131133228, 1712.7),
	(102, 121, 45.711092548, 11.131517532, 1724.1),
	(102, 122, 45.711189859, 11.131733895, 1726.8),
	(102, 123, 45.711450444, 11.132716347, 1727.1),
	(102, 124, 45.711485789, 11.132973617, 1726.3),
	(102, 125, 45.71166936, 11.133735673, 1729.4),
	(102, 126, 45.711702622, 11.133992633, 1728.5),
	(102, 127, 45.711784785, 11.13422433, 1731),
	(102, 128, 45.711858713, 11.134735954, 1726.8),
	(102, 129, 45.712182973, 11.135020841, 1740.4),
	(102, 130, 45.712570027, 11.135604062, 1750.3),
	(102, 131, 45.712649035, 11.136118022, 1749.4),
	(102, 132, 45.712800603, 11.136866769, 1757.1),
	(102, 133, 45.712896051, 11.137910564, 1757),
	(102, 134, 45.712968306, 11.138146172, 1758.9),
	(102, 135, 45.713090853, 11.138349209, 1762.5),
	(102, 136, 45.713149644, 11.13860966, 1766.2),
	(102, 137, 45.713148331, 11.139147159, 1769),
	(102, 138, 45.713088689, 11.139389752, 1771.1),
	(102, 139, 45.712846129, 11.139781467, 1772.1),
	(102, 140, 45.712850555, 11.140039332, 1777),
	(102, 141, 45.713031206, 11.140062365, 1781.3),
	(102, 142, 45.713389584, 11.139987965, 1787),
	(102, 143, 45.713548856, 11.139855968, 1788.8),
	(102, 144, 45.713705636, 11.140018855, 1794.6),
	(102, 145, 45.713761512, 11.140267551, 1802.6),
	(102, 146, 45.713926261, 11.140371467, 1809.2),
	(102, 147, 45.714298339, 11.140271525, 1816.3),
	(102, 148, 45.714456492, 11.140128795, 1817.6),
	(102, 149, 45.71496312, 11.139821661, 1826.6),
	(102, 150, 45.715110267, 11.139665458, 1827.4),
	(102, 151, 45.715461586, 11.139506784, 1833.7),
	(102, 152, 45.715597752, 11.139337068, 1832.8),
	(102, 153, 45.715774162, 11.139254624, 1835.1),
	(102, 154, 45.715914937, 11.139089162, 1835.7),
	(102, 155, 45.716272185, 11.138922108, 1843.1),
	(102, 156, 45.716635527, 11.138941887, 1852.2),
	(102, 157, 45.716819678, 11.139017818, 1859.8),
	(102, 158, 45.717000135, 11.139038208, 1866.6),
	(102, 159, 45.717179219, 11.138938284, 1871),
	(102, 160, 45.717547381, 11.138345079, 1872.2),
	(102, 161, 45.717698735, 11.138202313, 1879),
	(102, 162, 45.717670432, 11.137938924, 1879.2),
	(102, 163, 45.717709062, 11.137687871, 1881.9),
	(102, 164, 45.717849436, 11.137513296, 1887.3),
	(102, 165, 45.718203134, 11.137392898, 1900.8),
	(102, 166, 45.7187625, 11.137320404, 1914.1),
	(102, 167, 45.718943757, 11.137346354, 1916.7),
	(102, 168, 45.71910978, 11.13745514, 1917.1),
	(102, 169, 45.719296967, 11.137481594, 1918),
	(102, 170, 45.719469478, 11.137579097, 1919.5),
	(102, 171, 45.719651651, 11.137601782, 1920.8),
	(102, 172, 45.719993751, 11.137812383, 1926.6),
	(102, 173, 45.720359201, 11.137871628, 1930.6),
	(102, 174, 45.721026748, 11.138306402, 1952.9),
	(102, 175, 45.721210985, 11.138292109, 1959.7),
	(102, 176, 45.721372377, 11.138171719, 1962.1),
	(102, 177, 45.721503807, 11.137992201, 1961),
	(102, 178, 45.721655866, 11.137845187, 1961.1),
	(102, 179, 45.721836631, 11.137799284, 1966.7),
	(102, 180, 45.722016802, 11.137858764, 1976.3),
	(102, 181, 45.722193622, 11.137810983, 1981.6),
	(102, 182, 45.722355023, 11.137694438, 1983.4),
	(102, 183, 45.722533572, 11.137612746, 1987.2),
	(102, 184, 45.722715358, 11.137584893, 1993.8),
	(102, 185, 45.723058159, 11.137380621, 2002),
	(102, 186, 45.723236447, 11.137315251, 2007.9),
	(102, 187, 45.723569658, 11.137084188, 2012.3),
	(102, 188, 45.723744824, 11.137009332, 2016.2),
	(102, 189, 45.723902965, 11.136874262, 2020.7),
	(102, 190, 45.724036911, 11.136701443, 2026.3),
	(102, 191, 45.723933538, 11.136915118, 2021.6),
	(102, 192, 45.724035563, 11.13669796, 2026.3),
	(102, 193, 45.723922756, 11.136904383, 2021.3),
	(102, 194, 45.724028177, 11.136691571, 2026),
	(102, 195, 45.72403784, 11.136427507, 2030.4),
	(102, 196, 45.724120585, 11.135919293, 2042.9),
	(102, 197, 45.724135127, 11.135660634, 2049.2),
	(102, 198, 45.724009928, 11.135161998, 2054.4),
	(102, 199, 45.723884597, 11.134967194, 2053),
	(102, 200, 45.723411457, 11.134549931, 2045.8),
	(102, 201, 45.723588651, 11.134498468, 2054.3),
	(102, 202, 45.723748969, 11.134618544, 2056.7),
	(102, 203, 45.724115486, 11.134671399, 2070.2),
	(102, 204, 45.72427169, 11.134813155, 2071.2),
	(102, 205, 45.724356585, 11.135042227, 2068.1),
	(102, 206, 45.724419372, 11.134795413, 2073.9),
	(102, 207, 45.724330614, 11.134288743, 2082.2),
	(102, 208, 45.724208242, 11.133784008, 2088.2),
	(102, 209, 45.72435264, 11.133942709, 2089.2),
	(102, 210, 45.724467539, 11.134141003, 2087.3),
	(102, 211, 45.724554025, 11.13436664, 2084.2),
	(102, 212, 45.724642968, 11.134133542, 2090.4),
	(102, 213, 45.724490902, 11.133386083, 2105.7),
	(102, 214, 45.724478317, 11.132864079, 2119.1),
	(102, 215, 45.724414469, 11.132612076, 2122.9),
	(102, 216, 45.724221459, 11.1321658, 2134.8),
	(102, 217, 45.724391838, 11.132059352, 2147.7),
	(102, 218, 45.72455195, 11.132198518, 2147.5),
	(102, 219, 45.724689912, 11.132372467, 2145.2),
	(102, 220, 45.724744349, 11.132620629, 2138.3),
	(102, 221, 45.724901323, 11.132770885, 2141.3),
	(102, 222, 45.724977416, 11.13300888, 2137.7),
	(102, 223, 45.72496778, 11.133267677, 2129.6),
	(102, 224, 45.725049181, 11.133038485, 2138.4),
	(102, 225, 45.725059796, 11.132781819, 2145.8),
	(102, 226, 45.725014553, 11.132524642, 2153.2),
	(102, 227, 45.724803839, 11.13208832, 2163.5),
	(102, 228, 45.724543234, 11.131711172, 2171.3),
	(102, 229, 45.724222618, 11.13146923, 2172.7),
	(102, 230, 45.724075991, 11.131317663, 2178.6),
	(102, 231, 45.724259176, 11.131317911, 2181.7),
	(102, 232, 45.72460717, 11.131471339, 2183.3),
	(102, 233, 45.724786224, 11.131508675, 2187.1),
	(102, 234, 45.724376785, 11.130992681, 2199.7),
	(102, 235, 45.724200537, 11.13090845, 2202.9),
	(102, 236, 45.724057112, 11.130732902, 2205.7),
	(102, 237, 45.723880812, 11.130643597, 2202.9),
	(102, 238, 45.723414357, 11.130233474, 2200),
	(102, 239, 45.723236558, 11.130157346, 2196.8),
	(102, 240, 45.723357845, 11.129944295, 2203.8),
	(102, 241, 45.723634633, 11.129585839, 2207.4),
	(102, 242, 45.723721049, 11.129358895, 2206.7),
	(102, 243, 45.723720305, 11.129100741, 2204.6),
	(102, 244, 45.723691042, 11.12936359, 2206.8),
	(102, 245, 45.723902868, 11.129789928, 2210.4),
	(102, 246, 45.723893532, 11.13004659, 2211.7),
	(102, 247, 45.723800327, 11.12982556, 2209.6),
	(102, 248, 45.723832288, 11.129566282, 2207.9),
	(102, 249, 45.723666811, 11.129462278, 2207.2),
	(102, 250, 45.723711671, 11.129208799, 2206.1),
	(102, 251, 45.723724035, 11.128942374, 2201.7),
	(102, 252, 45.723534908, 11.129026621, 2205.8),
	(102, 253, 45.723724466, 11.129119615, 2204.9),
	(102, 254, 45.723615621, 11.128912384, 2202.9),
	(102, 255, 45.723793419, 11.128968605, 2201.2),
	(102, 256, 45.723671376, 11.129162363, 2206.3),
	(102, 257, 45.723698725, 11.128904198, 2201.4),
	(102, 258, 45.724024804, 11.128954583, 2197.5),
	(102, 259, 45.723835612, 11.129001806, 2201.2),
	(102, 260, 45.723667691, 11.129100587, 2205.3),
	(102, 261, 45.723664625, 11.129360166, 2206.9),
	(102, 262, 45.723567191, 11.129577552, 2207.2),
	(102, 263, 45.723307809, 11.129954612, 2202.3),
	(102, 264, 45.723146888, 11.130088293, 2194.6),
	(102, 265, 45.72328532, 11.130260087, 2196.7),
	(102, 266, 45.723467235, 11.130286906, 2200.1),
	(102, 267, 45.723744475, 11.130634056, 2200),
	(102, 268, 45.724091535, 11.130833345, 2205.2),
	(102, 269, 45.724373049, 11.131184512, 2190.5),
	(102, 270, 45.724671024, 11.131500919, 2184),
	(102, 271, 45.724480685, 11.131453161, 2180.5),
	(102, 272, 45.724321946, 11.131324723, 2182.7),
	(102, 273, 45.72396239, 11.13120925, 2182.8),
	(102, 274, 45.724098685, 11.131381121, 2175.4),
	(102, 275, 45.724721139, 11.13194413, 2166.9),
	(102, 276, 45.72479154, 11.132191678, 2158.2),
	(102, 277, 45.725011506, 11.132603993, 2150.9),
	(102, 278, 45.725025813, 11.132872976, 2143),
	(102, 279, 45.725009764, 11.133145042, 2134.8),
	(102, 280, 45.724896357, 11.132932389, 2136.3),
	(102, 281, 45.724825533, 11.132685331, 2140.3),
	(102, 282, 45.72472581, 11.132462158, 2142.6),
	(102, 283, 45.724601757, 11.13226245, 2146.5),
	(102, 284, 45.724445785, 11.132118772, 2146.9),
	(102, 285, 45.724276937, 11.132026155, 2144.7),
	(102, 286, 45.72421511, 11.132273807, 2128.7),
	(102, 287, 45.724339057, 11.132478813, 2123.4),
	(102, 288, 45.724437176, 11.132704842, 2121.5),
	(102, 289, 45.724474882, 11.132957701, 2116.4),
	(102, 290, 45.724468279, 11.133220688, 2109.1),
	(102, 291, 45.724496074, 11.133488586, 2103.5),
	(102, 292, 45.724559028, 11.133741445, 2099.3),
	(102, 293, 45.724574406, 11.134020942, 2092.3),
	(102, 294, 45.724631175, 11.134271246, 2087.2),
	(102, 295, 45.724615586, 11.134528257, 2082.1),
	(102, 296, 45.724498332, 11.134320883, 2084.2),
	(102, 297, 45.724412618, 11.13408902, 2087.5),
	(102, 298, 45.724285689, 11.133890199, 2088.6),
	(102, 299, 45.724271632, 11.134153389, 2083.9),
	(102, 300, 45.724404719, 11.134917282, 2071.3),
	(102, 301, 45.724236478, 11.134823708, 2070.5),
	(102, 302, 45.724082914, 11.134681734, 2068.6),
	(102, 303, 45.72352731, 11.134562598, 2049.8),
	(102, 304, 45.723586063, 11.134815184, 2043.6),
	(102, 305, 45.72393578, 11.135014246, 2054.3),
	(102, 306, 45.724031658, 11.135236662, 2053.7),
	(102, 307, 45.72409267, 11.135490079, 2050.9),
	(102, 308, 45.724123498, 11.135752228, 2046.4),
	(102, 309, 45.724006046, 11.136806479, 2024.5),
	(102, 310, 45.723830613, 11.136869926, 2018.3),
	(102, 311, 45.723761136, 11.137113817, 2017.2),
	(102, 312, 45.723662928, 11.137339865, 2016.9),
	(102, 313, 45.723484786, 11.137443506, 2016.2),
	(102, 314, 45.723374533, 11.137667277, 2024.6),
	(102, 315, 45.723052473, 11.13791826, 2024.1),
	(102, 316, 45.722929399, 11.138120027, 2027.8),
	(102, 317, 45.722617751, 11.13843315, 2026.8),
	(102, 318, 45.722213346, 11.138526903, 2012.2),
	(102, 319, 45.722044171, 11.138626057, 2008.6),
	(102, 320, 45.721769368, 11.139310652, 2019.7),
	(102, 321, 45.721709737, 11.139569573, 2020.5),
	(102, 322, 45.721617204, 11.139803967, 2020.4),
	(102, 323, 45.721501042, 11.14001016, 2020.2),
	(102, 324, 45.721141693, 11.140118722, 2012.4),
	(102, 325, 45.720960452, 11.140124323, 2009),
	(102, 326, 45.720610239, 11.139977806, 2004),
	(102, 327, 45.720054744, 11.139800565, 2004.1),
	(102, 328, 45.719875172, 11.13978224, 2000.5),
	(102, 329, 45.719696563, 11.139693648, 1991.5),
	(102, 330, 45.719532621, 11.139801227, 1992.4),
	(102, 331, 45.719355874, 11.139860478, 1990.3),
	(102, 332, 45.719135488, 11.140280832, 1992.3),
	(102, 333, 45.7190012, 11.1404617, 1986.5),
	(102, 334, 45.718996823, 11.140724883, 1988.8),
	(102, 335, 45.719031979, 11.140977116, 1989.1),
	(102, 336, 45.719122411, 11.141199522, 1990),
	(102, 337, 45.719185519, 11.141447683, 1988.5),
	(102, 338, 45.719315928, 11.14163074, 1992.6),
	(102, 339, 45.719423008, 11.142142711, 1993.4),
	(102, 340, 45.719415132, 11.142406369, 1990.2),
	(102, 341, 45.719343071, 11.142649945, 1987.4),
	(102, 342, 45.719185685, 11.142784658, 1981.2),
	(102, 343, 45.719015308, 11.142878991, 1976.6),
	(102, 344, 45.718654637, 11.143003731, 1966.7),
	(102, 345, 45.718290258, 11.143037501, 1955.7),
	(102, 346, 45.717736223, 11.143187874, 1951.2),
	(102, 347, 45.717184471, 11.143002986, 1938.1),
	(102, 348, 45.716847501, 11.142799762, 1929.2),
	(102, 349, 45.716669174, 11.14274122, 1925.9),
	(102, 350, 45.716484308, 11.142721789, 1922.2),
	(102, 351, 45.715953518, 11.142983074, 1917.5),
	(102, 352, 45.715799795, 11.143128407, 1916.5),
	(102, 353, 45.715663211, 11.143613317, 1918.2),
	(102, 354, 45.715538272, 11.143799176, 1915.5),
	(102, 355, 45.715455005, 11.144029284, 1915.8),
	(102, 356, 45.715342278, 11.144240629, 1916.2),
	(102, 357, 45.715199135, 11.144413846, 1916.7),
	(102, 358, 45.714698324, 11.144738967, 1908.3),
	(102, 359, 45.714161264, 11.144947791, 1894.1),
	(102, 360, 45.713803908, 11.144842585, 1880.6),
	(102, 361, 45.713464738, 11.144619655, 1870.3),
	(102, 362, 45.714029773, 11.144692123, 1882.7),
	(102, 363, 45.714213194, 11.144656766, 1886.3),
	(102, 364, 45.714036834, 11.144564468, 1879.3),
	(102, 365, 45.713875431, 11.144429704, 1873.9),
	(102, 366, 45.713433462, 11.143920501, 1866.1),
	(102, 367, 45.713336572, 11.143700885, 1864),
	(102, 368, 45.713311147, 11.143182986, 1858.1),
	(102, 369, 45.713045582, 11.142823256, 1845.5),
	(102, 370, 45.712889916, 11.14269185, 1839.7),
	(102, 371, 45.71282587, 11.142447143, 1837),
	(102, 372, 45.712978185, 11.142278985, 1838.9),
	(102, 373, 45.713291467, 11.142013788, 1843.2),
	(102, 374, 45.713465919, 11.141907097, 1844.1),
	(102, 375, 45.71373773, 11.141551078, 1841),
	(102, 376, 45.713916628, 11.14148623, 1842.5),
	(102, 377, 45.714094607, 11.14155787, 1848.3),
	(102, 378, 45.714268498, 11.141486738, 1850.7),
	(102, 379, 45.714389003, 11.141266808, 1848.2),
	(102, 380, 45.71446047, 11.141027558, 1843.9),
	(102, 381, 45.7146253, 11.140893805, 1846.1),
	(102, 382, 45.714462528, 11.140782962, 1837.2),
	(102, 383, 45.714133791, 11.141042921, 1833.5),
	(102, 384, 45.713944583, 11.141006181, 1828.1),
	(102, 385, 45.713752565, 11.141038601, 1824.7),
	(102, 386, 45.713403698, 11.141269369, 1824.7),
	(102, 387, 45.713041231, 11.141414066, 1819.9),
	(102, 388, 45.712849978, 11.141444625, 1815.6),
	(102, 389, 45.712512705, 11.14163279, 1813.1),
	(102, 390, 45.712151497, 11.141729976, 1802.2),
	(102, 391, 45.712101553, 11.141481475, 1794.9),
	(102, 392, 45.711923724, 11.141440285, 1788.6),
	(102, 393, 45.711756142, 11.14154465, 1785.3),
	(102, 394, 45.711380858, 11.141571496, 1778.5),
	(102, 395, 45.711243129, 11.141394136, 1775.4),
	(102, 396, 45.711075025, 11.140934351, 1772.5),
	(102, 397, 45.711087625, 11.140662223, 1770.9),
	(102, 398, 45.711218743, 11.140158059, 1766.2),
	(102, 399, 45.711148428, 11.139917515, 1763),
	(102, 400, 45.710968549, 11.139884731, 1763),
	(102, 401, 45.711152741, 11.13988174, 1762.1),
	(102, 402, 45.711017707, 11.139705518, 1758),
	(102, 403, 45.710676248, 11.139463638, 1753.7),
	(102, 404, 45.710543446, 11.138971769, 1740.9),
	(102, 405, 45.710392206, 11.138812602, 1738.1),
	(102, 406, 45.710193429, 11.138374632, 1727.9),
	(102, 407, 45.710130639, 11.138125628, 1721.9),
	(102, 408, 45.710080024, 11.137599239, 1708.5),
	(102, 409, 45.710087167, 11.13733173, 1702.5),
	(102, 410, 45.710048366, 11.137079468, 1698.2),
	(102, 411, 45.710215561, 11.136061704, 1678),
	(102, 412, 45.710215428, 11.135798953, 1674),
	(102, 413, 45.710170702, 11.135544319, 1672.7),
	(102, 414, 45.710098694, 11.135302121, 1670.9),
	(102, 415, 45.709992664, 11.135093678, 1668.9),
	(102, 416, 45.709996562, 11.134578754, 1666.5),
	(102, 417, 45.709871387, 11.134085939, 1666.2),
	(102, 418, 45.709731286, 11.13390124, 1666.1),
	(102, 419, 45.709665246, 11.133655191, 1663.8),
	(102, 420, 45.709672205, 11.133395388, 1660),
	(102, 421, 45.709723293, 11.133138389, 1656),
	(102, 422, 45.709682123, 11.132885795, 1653),
	(102, 423, 45.709601634, 11.132655085, 1649.2),
	(102, 424, 45.709467161, 11.1324842, 1644.8),
	(102, 425, 45.709401484, 11.132232171, 1640.7),
	(102, 426, 45.708891242, 11.131464556, 1627.1),
	(102, 427, 45.708818435, 11.131228334, 1626),
	(102, 428, 45.708682657, 11.131047522, 1624.5),
	(102, 429, 45.708701586, 11.130528223, 1621),
	(102, 430, 45.708629385, 11.130288826, 1618.9),
	(102, 431, 45.708514539, 11.130085669, 1615.5),
	(102, 432, 45.708368286, 11.129922113, 1610.9),
	(102, 433, 45.708463157, 11.129699601, 1611.1),
	(102, 434, 45.708189168, 11.129028185, 1604.9),
	(102, 435, 45.707889227, 11.128048357, 1590.1),
	(102, 436, 45.707662992, 11.127624019, 1564.7),
	(102, 437, 45.707482374, 11.127624451, 1555.9),
	(102, 438, 45.707122791, 11.127562974, 1558.2),
	(102, 439, 45.706976313, 11.127716934, 1570),
	(102, 440, 45.706916151, 11.127466572, 1556),
	(102, 441, 45.706923054, 11.127198281, 1545.1),
	(102, 442, 45.706497763, 11.12670102, 1518.2),
	(102, 443, 45.706396668, 11.126487162, 1515),
	(102, 444, 45.706260328, 11.126315761, 1510.9),
	(102, 445, 45.706093137, 11.126413433, 1513.2),
	(102, 446, 45.705919397, 11.126342934, 1509.2),
	(102, 447, 45.705811288, 11.126129895, 1496.3),
	(102, 448, 45.705462741, 11.125987094, 1494.3),
	(102, 449, 45.705501496, 11.125733668, 1481.2),
	(102, 450, 45.705204021, 11.125423196, 1473),
	(102, 451, 45.705030762, 11.125321059, 1465.7),
	(102, 452, 45.704867006, 11.125180535, 1460.7),
	(102, 453, 45.704355565, 11.124835501, 1449.2),
	(102, 454, 45.704009635, 11.124665293, 1442),
	(102, 455, 45.703857735, 11.124520698, 1435.3),
	(102, 456, 45.703497854, 11.124382446, 1430.8),
	(102, 457, 45.703341947, 11.124245737, 1423.9),
	(102, 458, 45.703082318, 11.123865301, 1412.3),
	(102, 459, 45.702758996, 11.123621013, 1406.3),
	(102, 460, 45.702455016, 11.123323554, 1395.2),
	(102, 461, 45.702273263, 11.123251488, 1394.4),
	(102, 462, 45.701968519, 11.122970522, 1384.8),
	(102, 463, 45.701620488, 11.122822085, 1375.4),
	(102, 464, 45.701516288, 11.122604055, 1361.1),
	(102, 465, 45.70115261, 11.122524131, 1345.3),
	(102, 466, 45.700801292, 11.122649446, 1337.7),
	(102, 467, 45.700609973, 11.122647873, 1329.6),
	(102, 468, 45.700452663, 11.12251294, 1318.9),
	(102, 469, 45.700272973, 11.122584512, 1313.6),
	(102, 470, 45.70009129, 11.122576461, 1305.8),
	(102, 471, 45.699916489, 11.122638494, 1301.1),
	(102, 472, 45.699753713, 11.122524155, 1293.2),
	(102, 473, 45.699585088, 11.122619735, 1290.4),
	(102, 474, 45.699395474, 11.122612449, 1284.4),
	(102, 475, 45.699212131, 11.122649195, 1279.6),
	(102, 476, 45.699028826, 11.122599454, 1276.3),
	(102, 477, 45.69886547, 11.122472335, 1273.8),
	(102, 478, 45.698687541, 11.12238968, 1273.8),
	(102, 479, 45.698501645, 11.122367419, 1273.5),
	(102, 480, 45.698138547, 11.122249369, 1272.6),
	(102, 481, 45.697966125, 11.122330107, 1268.8),
	(102, 482, 45.697802356, 11.122463586, 1263.6),
	(102, 483, 45.697433476, 11.122509233, 1257.1),
	(102, 484, 45.697505933, 11.122263103, 1264.6),
	(102, 485, 45.697422979, 11.122034862, 1270.3),
	(102, 486, 45.69704844, 11.122063977, 1266.9),
	(102, 487, 45.696713496, 11.122266489, 1256.3),
	(102, 488, 45.696546542, 11.12215704, 1258.1),
	(102, 489, 45.696527468, 11.121892437, 1268.4),
	(102, 490, 45.696467926, 11.121644591, 1276.7),
	(102, 491, 45.69651092, 11.12138705, 1285.5),
	(102, 492, 45.696534085, 11.120861082, 1301.6),
	(102, 493, 45.696471797, 11.120618758, 1307.9),
	(102, 494, 45.696459552, 11.12035408, 1315.5),
	(102, 495, 45.696272375, 11.119904961, 1327.2),
	(102, 496, 45.696217438, 11.11965906, 1333.3),
	(102, 497, 45.696098473, 11.119461087, 1336.6),
	(102, 498, 45.695951986, 11.119296341, 1337.8),
	(102, 499, 45.695911167, 11.119041008, 1346.1),
	(102, 500, 45.695735346, 11.118965452, 1348.5);
/*!40000 ALTER TABLE `virtualtracklocations` ENABLE KEYS */;


-- Dump della struttura di tabella boscolon_spring.virtualtracks
CREATE TABLE IF NOT EXISTS `virtualtracks` (
  `_id` int(10) unsigned NOT NULL AUTO_INCREMENT,
  `author_id` int(10) unsigned NOT NULL,
  `name` varchar(255) NOT NULL,
  `creationDate` bigint(20) unsigned NOT NULL,
  `length` double unsigned NOT NULL,
  `heightDiff` int(11) NOT NULL,
  PRIMARY KEY (`_id`),
  KEY `FK-virtualtracks-accounts` (`author_id`),
  CONSTRAINT `FK-virtualtracks-accounts` FOREIGN KEY (`author_id`) REFERENCES `accounts` (`_id`) ON DELETE CASCADE ON UPDATE CASCADE
) ENGINE=InnoDB AUTO_INCREMENT=137 DEFAULT CHARSET=latin1;

-- Dump dei dati della tabella boscolon_spring.virtualtracks: ~9 rows (circa)
/*!40000 ALTER TABLE `virtualtracks` DISABLE KEYS */;
INSERT IGNORE INTO `virtualtracks` (`_id`, `author_id`, `name`, `creationDate`, `length`, `heightDiff`) VALUES
	(3, 79, 'pluto2', 1432245600000, 14.11, 457),
	(15, 94, 'Anello della Galmarara', 1431319120000, 21.6, 900),
	(100, 193, 'Giro dei colli', 1432312120000, 19.7, 408),
	(101, 284, 'San Zeno di Montagna', 1431312120000, 12, 998),
	(102, 193, 'Giazza di Selva di Progno', 1431314120000, 14.5, 980),
	(115, 1, 'Percorso di test condiviso', 1233425646, 0, 0),
	(116, 1, 'Percorso di test condiviso', 1233425646, 0, 0),
	(123, 1, 'Percorso di test condiviso', 1233425646, 0, 0),
	(130, 1, 'Percorso di test condiviso', 1233425646, 0, 0);
/*!40000 ALTER TABLE `virtualtracks` ENABLE KEYS */;


-- Dump della struttura di tabella boscolon_spring.weatherforecasts
CREATE TABLE IF NOT EXISTS `weatherforecasts` (
  `virtualTrack_id` int(10) unsigned NOT NULL,
  `temperature` double NOT NULL,
  `pressure` double unsigned NOT NULL,
  `date` bigint(20) unsigned NOT NULL,
  `forecast_id` int(10) unsigned NOT NULL,
  `humidity` double unsigned NOT NULL,
  `windDirection` double(15,3) unsigned NOT NULL,
  `windAvgSpeed` double(15,3) unsigned NOT NULL,
  `windMaxSpeed` double(15,3) unsigned NOT NULL,
  PRIMARY KEY (`virtualTrack_id`,`date`),
  KEY `FK-weatherforecasts-forecasttypes` (`forecast_id`),
  CONSTRAINT `FK-weatherforecasts-forecasttypes` FOREIGN KEY (`forecast_id`) REFERENCES `forecasttypes` (`_id`) ON DELETE CASCADE ON UPDATE CASCADE,
  CONSTRAINT `FK-weatherforecasts-virtualtracks` FOREIGN KEY (`virtualTrack_id`) REFERENCES `virtualtracks` (`_id`) ON DELETE CASCADE ON UPDATE CASCADE
) ENGINE=InnoDB DEFAULT CHARSET=latin1;

-- Dump dei dati della tabella boscolon_spring.weatherforecasts: ~108 rows (circa)
/*!40000 ALTER TABLE `weatherforecasts` DISABLE KEYS */;
INSERT IGNORE INTO `weatherforecasts` (`virtualTrack_id`, `temperature`, `pressure`, `date`, `forecast_id`, `humidity`, `windDirection`, `windAvgSpeed`, `windMaxSpeed`) VALUES
	(3, 14.566, 885.51, 1434276000, 500, 80, 38.003, 0.770, 0.770),
	(3, 19.789, 885.42, 1434286800, 500, 57, 180.502, 0.760, 0.760),
	(3, 18.475, 885.05, 1434297600, 500, 59, 158.008, 0.720, 0.720),
	(3, 15.845, 884.71, 1434308400, 500, 73, 158.003, 0.860, 0.860),
	(3, 12.04, 884.05, 1434319200, 501, 99, 149.500, 0.590, 0.590),
	(3, 11.647, 884.26, 1434330000, 500, 98, 182.001, 0.320, 0.320),
	(3, 11.523, 883.68, 1434340800, 500, 98, 348.503, 0.460, 0.460),
	(3, 10.881, 882.72, 1434351600, 500, 97, 342.504, 0.710, 0.710),
	(3, 12.506, 882.38, 1434362400, 801, 89, 335.513, 0.950, 0.950),
	(3, 17.023, 882.43, 1434373200, 802, 68, 221.502, 0.810, 0.810),
	(3, 16.823, 882.37, 1434384000, 500, 74, 206.502, 0.870, 0.870),
	(3, 16.242, 882.58, 1434394800, 500, 73, 357.003, 0.620, 0.620),
	(3, 19.73, 885.74, 1434405600, 500, 92, 270.006, 0.620, 0.620),
	(3, 17.27, 886.21, 1434416400, 500, 96, 345.002, 0.660, 0.660),
	(3, 15.16, 886.88, 1434427200, 500, 97, 350.023, 0.800, 0.800),
	(3, 13.62, 886.95, 1434438000, 803, 96, 354.002, 0.770, 0.770),
	(3, 21.36, 887.26, 1434448800, 500, 89, 355.001, 0.760, 0.760),
	(3, 20.92, 887.23, 1434459600, 500, 73, 194.500, 0.810, 0.810),
	(3, 20.39, 886.82, 1434470400, 500, 71, 179.502, 0.860, 0.860),
	(3, 15.99, 886.68, 1434481200, 501, 98, 215.511, 0.570, 0.570),
	(3, 15.17, 885.82, 1434492000, 500, 92, 29.516, 0.560, 0.560),
	(3, 12.93, 886.41, 1434502800, 500, 95, 8.502, 0.700, 0.700),
	(3, 10.72, 886.44, 1434513600, 500, 98, 25.003, 0.820, 0.820),
	(3, 9.98, 886.94, 1434524400, 500, 96, 27.502, 0.710, 0.710),
	(3, 11.213, 887.75, 1434535200, 500, 88, 11.515, 0.570, 0.570),
	(3, 14.385, 888.05, 1434546000, 500, 71, 127.500, 0.260, 0.260),
	(3, 16.496, 887.42, 1434556800, 500, 59, 191.507, 0.770, 0.770),
	(3, 17.664, 887.07, 1434567600, 500, 52, 189.000, 0.770, 0.770),
	(3, 15.811, 887.09, 1434578400, 500, 53, 170.502, 0.790, 0.790),
	(3, 11.321, 888.62, 1434589200, 500, 86, 172.502, 0.830, 0.830),
	(3, 10.285, 889.32, 1434600000, 500, 98, 211.501, 0.580, 0.580),
	(3, 9.554, 888.96, 1434610800, 500, 95, 283.001, 0.670, 0.670),
	(3, 10.974, 888.77, 1434621600, 500, 72, 323.003, 0.570, 0.570),
	(3, 15.284, 888.47, 1434632400, 500, 53, 250.004, 0.690, 0.690),
	(3, 18.876, 887.63, 1434643200, 500, 43, 205.504, 0.870, 0.870),
	(3, 19.835, 886.41, 1434654000, 803, 43, 190.003, 0.800, 0.800),
	(3, 17.635, 886.64, 1434664800, 802, 51, 171.001, 0.920, 0.920),
	(3, 13.636, 887.58, 1434675600, 802, 78, 174.500, 0.710, 0.710),
	(3, 11.774, 887.41, 1434686400, 802, 94, 184.003, 0.710, 0.710),
	(3, 10.959, 886.73, 1434697200, 500, 96, 253.501, 0.680, 0.680),
	(3, 12.842, 886.47, 1434708000, 500, 77, 342.503, 0.910, 0.910),
	(3, 18.851, 885.87, 1434718800, 801, 45, 270.000, 0.560, 0.560),
	(3, 21.602, 884.97, 1434729600, 802, 37, 224.503, 0.770, 0.770),
	(3, 21.766, 884.21, 1434740400, 802, 32, 218.505, 0.410, 0.410),
	(3, 20.082, 884.41, 1434751200, 800, 31, 194.003, 0.550, 0.550),
	(3, 13.214, 886.11, 1434762000, 800, 69, 158.001, 0.660, 0.660),
	(3, 11.169, 886.83, 1434772800, 500, 93, 90.001, 0.210, 0.210),
	(3, 10.582, 886.96, 1434783600, 500, 87, 0.501, 0.610, 0.610),
	(3, 11.682, 887.24, 1434794400, 500, 78, 64.511, 0.770, 0.770),
	(3, 15.735, 886.73, 1434805200, 500, 63, 178.503, 0.860, 0.860),
	(3, 19.196, 885.35, 1434816000, 500, 47, 199.001, 0.770, 0.770),
	(3, 20.202, 884.95, 1434826800, 500, 36, 214.501, 0.510, 0.510),
	(3, 18.641, 885.4, 1434837600, 800, 34, 221.002, 0.170, 0.170),
	(3, 12.233, 887.27, 1434848400, 800, 62, 122.505, 0.520, 0.520),
	(15, 14.566, 885.51, 1434276000, 500, 80, 38.003, 0.770, 0.770),
	(15, 19.789, 885.42, 1434286800, 500, 57, 180.502, 0.760, 0.760),
	(15, 18.475, 885.05, 1434297600, 500, 59, 158.008, 0.720, 0.720),
	(15, 15.845, 884.71, 1434308400, 500, 73, 158.003, 0.860, 0.860),
	(15, 12.04, 884.05, 1434319200, 501, 99, 149.500, 0.590, 0.590),
	(15, 11.647, 884.26, 1434330000, 500, 98, 182.001, 0.320, 0.320),
	(15, 11.523, 883.68, 1434340800, 500, 98, 348.503, 0.460, 0.460),
	(15, 10.881, 882.72, 1434351600, 500, 97, 342.504, 0.710, 0.710),
	(15, 12.506, 882.38, 1434362400, 801, 89, 335.513, 0.950, 0.950),
	(15, 17.023, 882.43, 1434373200, 802, 68, 221.502, 0.810, 0.810),
	(15, 16.823, 882.37, 1434384000, 500, 74, 206.502, 0.870, 0.870),
	(15, 16.242, 882.58, 1434394800, 500, 73, 357.003, 0.620, 0.620),
	(15, 19.4, 885.74, 1434405600, 500, 92, 270.006, 0.620, 0.620),
	(15, 17.01, 886.21, 1434416400, 500, 96, 345.002, 0.660, 0.660),
	(15, 14.97, 886.88, 1434427200, 500, 97, 350.023, 0.800, 0.800),
	(15, 13.49, 886.95, 1434438000, 803, 96, 354.002, 0.770, 0.770),
	(15, 18.68, 887.26, 1434448800, 500, 89, 355.001, 0.760, 0.760),
	(15, 20.26, 887.23, 1434459600, 500, 73, 194.500, 0.810, 0.810),
	(15, 19.62, 886.82, 1434470400, 500, 71, 179.502, 0.860, 0.860),
	(15, 15.11, 886.68, 1434481200, 501, 98, 215.511, 0.570, 0.570),
	(15, 14.17, 885.82, 1434492000, 500, 92, 29.516, 0.560, 0.560),
	(15, 11.817, 886.41, 1434502800, 500, 95, 8.502, 0.700, 0.700),
	(15, 10.72, 886.44, 1434513600, 500, 98, 25.003, 0.820, 0.820),
	(15, 9.98, 886.94, 1434524400, 500, 96, 27.502, 0.710, 0.710),
	(15, 11.213, 887.75, 1434535200, 500, 88, 11.515, 0.570, 0.570),
	(15, 14.385, 888.05, 1434546000, 500, 71, 127.500, 0.260, 0.260),
	(15, 16.496, 887.42, 1434556800, 500, 59, 191.507, 0.770, 0.770),
	(15, 17.664, 887.07, 1434567600, 500, 52, 189.000, 0.770, 0.770),
	(15, 15.811, 887.09, 1434578400, 500, 53, 170.502, 0.790, 0.790),
	(15, 11.321, 888.62, 1434589200, 500, 86, 172.502, 0.830, 0.830),
	(15, 10.285, 889.32, 1434600000, 500, 98, 211.501, 0.580, 0.580),
	(15, 9.554, 888.96, 1434610800, 500, 95, 283.001, 0.670, 0.670),
	(15, 10.974, 888.77, 1434621600, 500, 72, 323.003, 0.570, 0.570),
	(15, 15.284, 888.47, 1434632400, 500, 53, 250.004, 0.690, 0.690),
	(15, 18.876, 887.63, 1434643200, 500, 43, 205.504, 0.870, 0.870),
	(15, 19.835, 886.41, 1434654000, 803, 43, 190.003, 0.800, 0.800),
	(15, 17.635, 886.64, 1434664800, 802, 51, 171.001, 0.920, 0.920),
	(15, 13.636, 887.58, 1434675600, 802, 78, 174.500, 0.710, 0.710),
	(15, 11.774, 887.41, 1434686400, 802, 94, 184.003, 0.710, 0.710),
	(15, 10.959, 886.73, 1434697200, 500, 96, 253.501, 0.680, 0.680),
	(15, 12.842, 886.47, 1434708000, 500, 77, 342.503, 0.910, 0.910),
	(15, 18.851, 885.87, 1434718800, 801, 45, 270.000, 0.560, 0.560),
	(15, 21.602, 884.97, 1434729600, 802, 37, 224.503, 0.770, 0.770),
	(15, 21.766, 884.21, 1434740400, 802, 32, 218.505, 0.410, 0.410),
	(15, 20.082, 884.41, 1434751200, 800, 31, 194.003, 0.550, 0.550),
	(15, 13.214, 886.11, 1434762000, 800, 69, 158.001, 0.660, 0.660),
	(15, 11.169, 886.83, 1434772800, 500, 93, 90.001, 0.210, 0.210),
	(15, 10.582, 886.96, 1434783600, 500, 87, 0.501, 0.610, 0.610),
	(15, 11.682, 887.24, 1434794400, 500, 78, 64.511, 0.770, 0.770),
	(15, 15.735, 886.73, 1434805200, 500, 63, 178.503, 0.860, 0.860),
	(15, 19.196, 885.35, 1434816000, 500, 47, 199.001, 0.770, 0.770),
	(15, 20.202, 884.95, 1434826800, 500, 36, 214.501, 0.510, 0.510),
	(15, 18.641, 885.4, 1434837600, 800, 34, 221.002, 0.170, 0.170),
	(15, 12.233, 887.27, 1434848400, 800, 62, 122.505, 0.520, 0.520);
/*!40000 ALTER TABLE `weatherforecasts` ENABLE KEYS */;


-- Dump della struttura di vista boscolon_spring.adminaccounts
-- Rimozione temporanea di tabella e creazione della struttura finale della vista
DROP TABLE IF EXISTS `adminaccounts`;
CREATE VIEW `adminaccounts` AS select `accounts`.`_id` AS `_id`,`accounts`.`emailAddress` AS `emailAddress`,`accounts`.`passwordHash` AS `passwordHash` from (`accounts` left join `commonaccounts` on((`accounts`.`_id` = `commonaccounts`.`_id`))) where isnull(`commonaccounts`.`firstName`);


-- Dump della struttura di vista boscolon_spring.stats
-- Rimozione temporanea di tabella e creazione della struttura finale della vista
DROP TABLE IF EXISTS `stats`;
CREATE VIEW `stats` AS select `recordedtracks`.`account_id` AS `account_id`,count(0) AS `numberActivity`,sum(`recordedtracks`.`distance`) AS `totalDistance`,(sum(`recordedtracks`.`maxSpeed`) / count(0)) AS `maxSpeed`,sum(`recordedtracks`.`time`) AS `totalTime`,sum(`recordedtracks`.`steps`) AS `totalSteps`,sum(`recordedtracks`.`heightDiff`) AS `totalHeightDiff`,log10(((((sum(`recordedtracks`.`distance`) * greatest(1,sum(`recordedtracks`.`heightDiff`))) * 2000) / sum(`recordedtracks`.`time`)) + 1)) AS `expLevel` from `recordedtracks` group by `recordedtracks`.`account_id`;
/*!40101 SET SQL_MODE=IFNULL(@OLD_SQL_MODE, '') */;
/*!40014 SET FOREIGN_KEY_CHECKS=IF(@OLD_FOREIGN_KEY_CHECKS IS NULL, 1, @OLD_FOREIGN_KEY_CHECKS) */;
/*!40101 SET CHARACTER_SET_CLIENT=@OLD_CHARACTER_SET_CLIENT */;
